PERSON0	plays for 	ORGANIZATION1	0
PERSON0	plays in 	LOCATION2	0
ORGANIZATION1	in 	LOCATION2	0
PERSON10	plays for 	ORGANIZATION11	1
PERSON20	plays for 	ORGANIZATION21	2
PERSON22	born 	LOCATION23	3
PERSON22	born in 	LOCATION24	3
LOCATION23	in 	LOCATION24	3
PERSON22	simply plays for 	PERSON25	3
PERSON30	1936 known as 	ORGANIZATION31	4
PERSON30	1936 known 	ORGANIZATION32	4
ORGANIZATION31		ORGANIZATION32	4
PERSON30		LOCATION33	4
PERSON30	in 	PERSON34	4
LOCATION33	in 	PERSON34	4
PERSON40	plays for 	LOCATION41	5
PERSON50		PERSON51	6
PERSON50		PERSON51	6
PERSON65	born 	LOCATION66	7
PERSON65	born in 	LOCATION42	7
LOCATION66	in 	LOCATION42	7
PERSON86	plays 	ORGANIZATION87	10
PERSON86	plays from 	LOCATION88	10
ORGANIZATION87	plays from 	LOCATION88	10
PERSON96		PERSON97	11
PERSON96	born 	LOCATION98	11
PERSON96	born in 	LOCATION99	11
PERSON97	born 	LOCATION98	11
PERSON97	born in 	LOCATION99	11
LOCATION98	in 	LOCATION99	11
PERSON96	simply 	PERSON97	11
PERSON96	simply 	LOCATION100	11
PERSON96	simply plays for 	ORGANIZATION101	11
PERSON97		LOCATION100	11
PERSON97	plays for 	ORGANIZATION101	11
LOCATION100	plays for 	ORGANIZATION101	11
PERSON102	plays for 	ORGANIZATION103	12
PERSON122		PERSON123	14
PERSON122		PERSON123	14
PERSON122	plays for 	ORGANIZATION124	14
PERSON123	plays for 	ORGANIZATION124	14
PERSON139	born 1994 	LOCATION140	15
PERSON139	known 	PERSON141	15
PERSON148	plays for 	LOCATION104	16
PERSON153	born 	LOCATION154	17
PERSON153	born in 	ORGANIZATION155	17
LOCATION154	in 	ORGANIZATION155	17
PERSON153		LOCATION100	17
PERSON153	plays for 	ORGANIZATION156	17
LOCATION100	plays for 	ORGANIZATION156	17
PERSON157	plays for 	ORGANIZATION71	18
PERSON157	plays from 	LOCATION52	18
ORGANIZATION71	plays from 	LOCATION52	18
PERSON158		LOCATION100	19
PERSON158	plays 	ORGANIZATION159	19
LOCATION100	plays 	ORGANIZATION159	19
PERSON160	born 	LOCATION161	20
PERSON160	born in 	LOCATION162	20
LOCATION161	in 	LOCATION162	20
PERSON160		LOCATION100	20
PERSON160	plays for 	ORGANIZATION163	20
PERSON160	plays from 	ORGANIZATION1	20
LOCATION100	plays for 	ORGANIZATION163	20
LOCATION100	plays from 	ORGANIZATION1	20
ORGANIZATION163	plays from 	ORGANIZATION1	20
PERSON164	plays for 	LOCATION165	21
PERSON164	plays from 	LOCATION166	21
LOCATION165	plays from 	LOCATION166	21
PERSON167	plays for 	PERSON130	22
PERSON167	plays from 	LOCATION168	22
PERSON130	plays from 	LOCATION168	22
PERSON169		LOCATION170	23
PERSON169	plays 	ORGANIZATION171	23
PERSON169	plays for 	LOCATION172	23
PERSON169	plays from 	ORGANIZATION173	23
LOCATION170	plays 	ORGANIZATION171	23
LOCATION170	plays for 	LOCATION172	23
LOCATION170	plays from 	ORGANIZATION173	23
ORGANIZATION171	for 	LOCATION172	23
ORGANIZATION171	plays from 	ORGANIZATION173	23
LOCATION172	plays from 	ORGANIZATION173	23
PERSON174		LOCATION100	24
PERSON174	plays for 	ORGANIZATION175	24
LOCATION100	plays for 	ORGANIZATION175	24
LOCATION191	in 	ORGANIZATION192	25
LOCATION100	plays for 	PERSON25	25
PERSON197	plays for 	PERSON198	27
PERSON201	born in 	LOCATION202	30
PERSON201	plays 	ORGANIZATION184	30
PERSON201	plays for 	ORGANIZATION190	30
PERSON201	plays 	LOCATION55	30
ORGANIZATION184	for 	ORGANIZATION190	30
ORGANIZATION184		LOCATION55	30
ORGANIZATION190		LOCATION55	30
PERSON217	plays for 	PERSON218	31
ORGANIZATION220		LOCATION221	32
ORGANIZATION220	in 	LOCATION222	32
LOCATION221	in 	LOCATION222	32
PERSON228	born in 	LOCATION229	33
PERSON228		LOCATION100	33
PERSON228	plays for 	ORGANIZATION230	33
LOCATION100	plays for 	ORGANIZATION230	33
PERSON232	plays as 	ORGANIZATION233	35
PERSON232	plays from 	ORGANIZATION234	35
ORGANIZATION233	plays from 	ORGANIZATION234	35
PERSON249	born in 	LOCATION250	36
PERSON256	plays for 	LOCATION172	37
PERSON271	plays for 	LOCATION104	38
PERSON273	born 1990 	LOCATION274	39
PERSON273	born 1990 in 	LOCATION275	39
LOCATION274	in 	LOCATION275	39
PERSON273	plays for 	ORGANIZATION276	39
PERSON286	plays for 	ORGANIZATION287	40
PERSON286	plays from 	ORGANIZATION288	40
ORGANIZATION287	plays from 	ORGANIZATION288	40
PERSON289	born 	LOCATION290	41
PERSON289	plays 	ORGANIZATION288	41
PERSON300	born in 	LOCATION301	42
PERSON300	playing for 	PERSON302	42
PERSON303	plays 	LOCATION147	43
PERSON305		PERSON306	45
PERSON305	born 	LOCATION307	45
PERSON305	born 	LOCATION308	45
PERSON305	born in 	LOCATION309	45
PERSON306	born 	LOCATION307	45
PERSON306	born 	LOCATION308	45
PERSON306	born in 	LOCATION309	45
LOCATION307		LOCATION308	45
LOCATION307	in 	LOCATION309	45
LOCATION308	in 	LOCATION309	45
PERSON305		PERSON306	45
PERSON305		LOCATION100	45
PERSON305	plays for 	ORGANIZATION230	45
PERSON306		LOCATION100	45
PERSON306	plays for 	ORGANIZATION230	45
LOCATION100	plays for 	ORGANIZATION230	45
PERSON311	1986 in 	LOCATION312	47
PERSON311	plays for 	ORGANIZATION313	47
PERSON316	born in 	LOCATION162	48
PERSON326	born 	LOCATION125	49
PERSON326	born in 	LOCATION126	49
LOCATION125	in 	LOCATION126	49
PERSON326		LOCATION100	49
PERSON326	plays for 	ORGANIZATION327	49
LOCATION100	plays for 	ORGANIZATION327	49
PERSON328	plays for 	LOCATION60	50
PERSON330	plays for 	PERSON302	52
PERSON333	plays for 	ORGANIZATION263	55
PERSON341		LOCATION100	58
PERSON341	plays for 	ORGANIZATION28	58
LOCATION100	plays for 	ORGANIZATION28	58
LOCATION172	of 	LOCATION343	60
ORGANIZATION360		LOCATION100	62
ORGANIZATION360		LOCATION361	62
ORGANIZATION360	in 	LOCATION126	62
LOCATION100		LOCATION361	62
LOCATION100	in 	LOCATION126	62
LOCATION361	in 	LOCATION126	62
ORGANIZATION372		ORGANIZATION373	63
ORGANIZATION372	referred to 	ORGANIZATION374	63
ORGANIZATION372	in 	LOCATION301	63
ORGANIZATION374	referred in 	LOCATION301	63
PERSON378	plays for 	LOCATION104	64
PERSON390	plays for 	LOCATION391	65
PERSON390	plays from 	LOCATION392	65
LOCATION391	plays from 	LOCATION392	65
PERSON393	plays for 	LOCATION166	66
PERSON400	plays for 	ORGANIZATION401	67
PERSON400	plays from 	ORGANIZATION288	67
ORGANIZATION401	plays from 	ORGANIZATION288	67
PERSON402	born in 	LOCATION9	68
PERSON419	abbreviated to 	PERSON420	70
PERSON419		LOCATION100	70
PERSON419	in 	LOCATION229	70
PERSON419	of 	LOCATION421	70
PERSON420	abbreviated 	LOCATION100	70
PERSON420	abbreviated in 	LOCATION229	70
PERSON420	abbreviated of 	LOCATION421	70
LOCATION100	in 	LOCATION229	70
LOCATION100	of 	LOCATION421	70
LOCATION229	of 	LOCATION421	70
ORGANIZATION424		LOCATION425	71
ORGANIZATION424	based 	LOCATION29	71
ORGANIZATION424	LOCATION29 	LOCATION229	71
LOCATION425	based 	LOCATION29	71
LOCATION425	LOCATION29 	LOCATION229	71
LOCATION29		LOCATION229	71
ORGANIZATION440	known 	ORGANIZATION441	72
ORGANIZATION440	known 	LOCATION100	72
ORGANIZATION440	known in 	LOCATION442	72
ORGANIZATION440	known of 	LOCATION443	72
ORGANIZATION441		LOCATION100	72
ORGANIZATION441	in 	LOCATION442	72
ORGANIZATION441	of 	LOCATION443	72
LOCATION100	in 	LOCATION442	72
LOCATION100	of 	LOCATION443	72
LOCATION442	of 	LOCATION443	72
PERSON446	LOCATION42 	LOCATION89	73
PERSON446		LOCATION42	73
PERSON446		ORGANIZATION447	73
PERSON446	of 	ORGANIZATION448	73
LOCATION89		LOCATION42	73
LOCATION89	LOCATION42 	ORGANIZATION447	73
LOCATION89	LOCATION42 of 	ORGANIZATION448	73
LOCATION42		ORGANIZATION447	73
LOCATION42	of 	ORGANIZATION448	73
ORGANIZATION447	of 	ORGANIZATION448	73
PERSON455	born in 	LOCATION456	74
PERSON487	plays 	ORGANIZATION48	78
PERSON489	known 	LOCATION100	80
LOCATION100	plays for 	PERSON130	80
PERSON493	born in 	LOCATION494	84
PERSON493	plays for 	ORGANIZATION495	84
PERSON500	plays for 	ORGANIZATION501	85
PERSON500	plays from 	ORGANIZATION502	85
ORGANIZATION501	plays from 	ORGANIZATION502	85
PERSON503	known 	PERSON504	86
PERSON503	known 	PERSON505	86
PERSON503	known from 	ORGANIZATION101	86
PERSON504		PERSON505	86
PERSON504	plays for 	ORGANIZATION506	86
PERSON504	known from 	ORGANIZATION101	86
PERSON505	plays for 	ORGANIZATION506	86
PERSON505	known from 	ORGANIZATION101	86
PERSON507	plays for 	ORGANIZATION287	87
PERSON507	plays from 	LOCATION33	87
ORGANIZATION287	plays from 	LOCATION33	87
PERSON511		LOCATION512	88
PERSON511	plays for 	ORGANIZATION28	88
PERSON511	plays in 	LOCATION222	88
LOCATION512	plays for 	ORGANIZATION28	88
LOCATION512	plays in 	LOCATION222	88
ORGANIZATION28	in 	LOCATION222	88
PERSON523	plays for 	ORGANIZATION524	89
PERSON523	plays 	LOCATION514	89
ORGANIZATION524		LOCATION514	89
ORGANIZATION530		LOCATION100	91
ORGANIZATION530		LOCATION531	91
ORGANIZATION530	on 	LOCATION532	91
ORGANIZATION530	in 	LOCATION309	91
LOCATION100		LOCATION531	91
LOCATION100	on 	LOCATION532	91
LOCATION100	in 	LOCATION309	91
LOCATION531	on 	LOCATION532	91
LOCATION531	in 	LOCATION309	91
LOCATION532	in 	LOCATION309	91
PERSON542	1986 in 	ORGANIZATION287	92
PERSON542	plays for 	ORGANIZATION67	92
PERSON543	playing for 	PERSON302	93
PERSON543	playing from 	LOCATION544	93
PERSON302	playing from 	LOCATION544	93
PERSON552	born 1986 	LOCATION553	94
PERSON565	born 	LOCATION125	95
PERSON565	born in 	LOCATION126	95
LOCATION125	in 	LOCATION126	95
PERSON565		LOCATION100	95
PERSON565	plays for 	ORGANIZATION124	95
LOCATION100	plays for 	ORGANIZATION124	95
PERSON570	plays for 	ORGANIZATION1	96
PERSON570	plays in 	LOCATION222	96
PERSON570	plays 	LOCATION571	96
ORGANIZATION1	in 	LOCATION222	96
ORGANIZATION1		LOCATION571	96
LOCATION222		LOCATION571	96
PERSON580	born in 	LOCATION581	97
PERSON580	simply 	PERSON582	97
PERSON580	simply plays for 	ORGANIZATION583	97
PERSON580	simply plays from 	ORGANIZATION124	97
PERSON582	plays for 	ORGANIZATION583	97
PERSON582	plays from 	ORGANIZATION124	97
ORGANIZATION583	plays from 	ORGANIZATION124	97
PERSON591	plays for 	ORGANIZATION63	99
PERSON592	born in 	LOCATION531	100
LOCATION532		LOCATION309	100
PERSON592		LOCATION100	100
PERSON595	known 	PERSON596	101
PERSON606	born 	LOCATION99	102
PERSON606	born in 	LOCATION177	102
LOCATION99	in 	LOCATION177	102
PERSON606	simply 	PERSON607	102
PERSON606	simply 	LOCATION100	102
PERSON607		LOCATION100	102
PERSON613	born in 	LOCATION614	103
PERSON613	plays for 	ORGANIZATION615	103
PERSON616	born 	LOCATION617	104
PERSON616	born in 	LOCATION618	104
LOCATION617	in 	LOCATION618	104
PERSON616	simply 	LOCATION100	104
PERSON616	simply plays for 	ORGANIZATION583	104
LOCATION100	plays for 	ORGANIZATION583	104
PERSON621	known 	PERSON622	105
PERSON622	plays for 	ORGANIZATION623	105
PERSON622	plays in 	LOCATION222	105
ORGANIZATION623	in 	LOCATION222	105
PERSON624		LOCATION100	106
PERSON624	plays for 	ORGANIZATION594	106
PERSON624	plays from 	ORGANIZATION625	106
LOCATION100	plays for 	ORGANIZATION594	106
LOCATION100	plays from 	ORGANIZATION625	106
ORGANIZATION594	plays from 	ORGANIZATION625	106
PERSON626	born in 	LOCATION627	107
PERSON626	plays for 	ORGANIZATION374	107
PERSON634	plays for 	ORGANIZATION635	109
PERSON634	plays in 	LOCATION636	109
ORGANIZATION635	in 	LOCATION636	109
PERSON641	plays for 	ORGANIZATION642	110
PERSON651		LOCATION74	111
PERSON651	in 	LOCATION42	111
LOCATION74	in 	LOCATION42	111
LOCATION653		PERSON654	112
LOCATION653	born 	LOCATION655	112
LOCATION653	born in 	LOCATION656	112
PERSON654	born 	LOCATION655	112
PERSON654	born in 	LOCATION656	112
LOCATION655	in 	LOCATION656	112
LOCATION653		PERSON654	112
LOCATION653		LOCATION100	112
LOCATION653	plays for 	ORGANIZATION327	112
PERSON654		LOCATION100	112
PERSON654	plays for 	ORGANIZATION327	112
LOCATION100	plays for 	ORGANIZATION327	112
PERSON657	born 1991 	LOCATION658	113
ORGANIZATION663		ORGANIZATION549	114
ORGANIZATION663		LOCATION544	114
ORGANIZATION663	from 	LOCATION258	114
ORGANIZATION549		LOCATION544	114
ORGANIZATION549	from 	LOCATION258	114
LOCATION544	from 	LOCATION258	114
PERSON666	plays for 	ORGANIZATION71	116
ORGANIZATION71	co-owned with 	ORGANIZATION388	116
PERSON676	nicknamed 	LOCATION100	117
PERSON676	nicknamed 	LOCATION222	117
LOCATION100	plays for 	ORGANIZATION524	117
LOCATION100	nicknamed 	LOCATION222	117
ORGANIZATION683		LOCATION684	118
ORGANIZATION683		ORGANIZATION685	118
ORGANIZATION683		LOCATION94	118
ORGANIZATION683	in 	LOCATION686	118
LOCATION684		ORGANIZATION685	118
LOCATION684		LOCATION94	118
LOCATION684	in 	LOCATION686	118
ORGANIZATION685		LOCATION94	118
ORGANIZATION685	in 	LOCATION686	118
LOCATION94	in 	LOCATION686	118
ORGANIZATION691		LOCATION692	119
ORGANIZATION691	in 	LOCATION693	119
LOCATION692	in 	LOCATION693	119
PERSON702		LOCATION703	120
PERSON702	in 	LOCATION704	120
LOCATION703	in 	LOCATION704	120
PERSON711	plays for 	LOCATION712	121
PERSON720	playing for 	LOCATION721	122
PERSON733	plays for 	ORGANIZATION734	123
PERSON733	plays in 	ORGANIZATION735	123
ORGANIZATION734	in 	ORGANIZATION735	123
PERSON743	born 	LOCATION744	124
PERSON743	born in 	ORGANIZATION745	124
LOCATION744	in 	ORGANIZATION745	124
PERSON743	simply plays for 	ORGANIZATION327	124
PERSON743	simply plays in 	LOCATION222	124
ORGANIZATION327	in 	LOCATION222	124
PERSON749	in 	LOCATION381	125
ORGANIZATION757		LOCATION104	126
ORGANIZATION757	in 	LOCATION105	126
LOCATION104	in 	LOCATION105	126
ORGANIZATION772	located 	LOCATION113	128
ORGANIZATION772	located in 	LOCATION105	128
LOCATION113	in 	LOCATION105	128
ORGANIZATION775	based 	LOCATION776	129
ORGANIZATION775	based in 	LOCATION686	129
LOCATION776	in 	LOCATION686	129
ORGANIZATION782		LOCATION589	130
ORGANIZATION782	in 	LOCATION783	130
LOCATION589	in 	LOCATION783	130
LOCATION68	in 	LOCATION258	131
PERSON791		PERSON792	132
PERSON791	in 	LOCATION793	132
PERSON792	in 	LOCATION793	132
PERSON812	born 	LOCATION813	134
PERSON812	born in 	LOCATION814	134
LOCATION813	in 	LOCATION814	134
PERSON812	plays for 	ORGANIZATION815	134
PERSON812	plays 	LOCATION145	134
ORGANIZATION815	plays 	LOCATION145	134
ORGANIZATION821	referred to 	ORGANIZATION822	135
ORGANIZATION821	based in 	LOCATION149	135
ORGANIZATION821	referred to 	ORGANIZATION822	135
ORGANIZATION821	based in 	LOCATION149	135
PERSON833	born in 	LOCATION301	136
PERSON833	plays for 	ORGANIZATION834	136
PERSON833	plays from 	ORGANIZATION374	136
ORGANIZATION834	plays from 	ORGANIZATION374	136
PERSON837	born in 	LOCATION838	137
PERSON837	simply 	LOCATION100	137
PERSON837	simply plays from 	LOCATION168	137
LOCATION100	plays from 	LOCATION168	137
PERSON844	born in 	LOCATION229	138
PERSON844		LOCATION100	138
PERSON844	plays for 	PERSON130	138
LOCATION100	plays for 	PERSON130	138
PERSON848	plays 	ORGANIZATION849	139
PERSON848	plays for 	ORGANIZATION850	139
ORGANIZATION849	for 	ORGANIZATION850	139
PERSON859	plays for 	ORGANIZATION860	140
ORGANIZATION103	back from 	PERSON198	141
PERSON872	plays for 	LOCATION873	142
PERSON882	born 	ORGANIZATION183	143
PERSON882	born in 	LOCATION863	143
ORGANIZATION183	in 	LOCATION863	143
PERSON882		LOCATION100	143
PERSON882	plays for 	ORGANIZATION180	143
LOCATION100	plays for 	ORGANIZATION180	143
PERSON885	1994 in 	LOCATION886	144
ORGANIZATION892	in 	LOCATION385	145
PERSON897	born in 	LOCATION898	146
PERSON897	plays for 	ORGANIZATION67	146
PERSON897	plays from 	LOCATION298	146
ORGANIZATION67	plays from 	LOCATION298	146
PERSON908	plays for 	ORGANIZATION691	147
PERSON909	plays for 	ORGANIZATION691	148
PERSON911	born 	LOCATION912	150
PERSON911	born in 	ORGANIZATION913	150
LOCATION912	in 	ORGANIZATION913	150
PERSON911		LOCATION512	150
PERSON911	plays for 	PERSON914	150
LOCATION512	plays for 	PERSON914	150
PERSON921	born in 	LOCATION922	153
PERSON921	plays for 	ORGANIZATION923	153
PERSON927		LOCATION512	156
PERSON927	plays for 	ORGANIZATION180	156
LOCATION512	plays for 	ORGANIZATION180	156
PERSON928	known 	PERSON929	157
PERSON929	plays for 	ORGANIZATION623	157
PERSON929	plays from 	ORGANIZATION678	157
ORGANIZATION623	plays from 	ORGANIZATION678	157
PERSON930	born 	LOCATION442	158
PERSON930	born in 	LOCATION443	158
LOCATION442	in 	LOCATION443	158
PERSON930		LOCATION100	158
PERSON936	born 	LOCATION221	159
PERSON936	born in 	ORGANIZATION937	159
LOCATION221	in 	ORGANIZATION937	159
PERSON936		LOCATION100	159
PERSON936	plays for 	PERSON938	159
LOCATION100	plays for 	PERSON938	159
PERSON939	plays for 	ORGANIZATION678	160
PERSON940		LOCATION100	161
PERSON940	plays from 	ORGANIZATION1	161
LOCATION100	plays from 	ORGANIZATION1	161
PERSON941	plays for 	ORGANIZATION942	162
PERSON943	born in 	LOCATION944	163
PERSON952	plays 	ORGANIZATION171	164
PERSON952	plays for 	PERSON953	164
ORGANIZATION171	for 	PERSON953	164
PERSON954	plays for 	ORGANIZATION61	165
PERSON955	plays for 	ORGANIZATION67	166
PERSON965	born 	LOCATION966	169
PERSON965	born 	ORGANIZATION183	169
PERSON965	born in 	LOCATION863	169
LOCATION966		ORGANIZATION183	169
LOCATION966	in 	LOCATION863	169
ORGANIZATION183	in 	LOCATION863	169
PERSON965	simply 	PERSON967	169
PERSON965	simply 	LOCATION100	169
PERSON965	simply plays for 	ORGANIZATION28	169
PERSON967		LOCATION100	169
PERSON967	plays for 	ORGANIZATION28	169
LOCATION100	plays for 	ORGANIZATION28	169
PERSON968	plays for 	ORGANIZATION969	170
PERSON968	plays from 	LOCATION385	170
ORGANIZATION969	plays from 	LOCATION385	170
ORGANIZATION359		LOCATION100	174
ORGANIZATION359	organized as 	ORGANIZATION973	174
ORGANIZATION359	organized 	LOCATION100	174
LOCATION100	organized as 	ORGANIZATION973	174
LOCATION100	organized 	LOCATION100	174
ORGANIZATION973	organized 	LOCATION100	174
PERSON978	born 1989 	LOCATION979	175
PERSON978	born 1989 	ORGANIZATION822	175
LOCATION979		ORGANIZATION822	175
PERSON978	playing for 	LOCATION980	175
PERSON981	born 1989 	ORGANIZATION982	176
PERSON981	playing for 	LOCATION811	176
PERSON981	playing in 	ORGANIZATION61	176
LOCATION811	in 	ORGANIZATION61	176
PERSON983	plays for 	ORGANIZATION263	177
PERSON984		LOCATION229	178
PERSON984	in 	LOCATION222	178
LOCATION229	in 	LOCATION222	178
PERSON1000	plays for 	ORGANIZATION1001	180
PERSON1010	born in 	LOCATION1011	187
PERSON1010	plays for 	ORGANIZATION1012	187
PERSON1010	plays from 	ORGANIZATION502	187
ORGANIZATION1012	plays from 	ORGANIZATION502	187
PERSON1017	plays for 	ORGANIZATION48	188
PERSON1025	born in 	LOCATION715	196
PERSON1025	plays 	ORGANIZATION1026	196
PERSON1037	1987 in 	LOCATION1038	197
LOCATION862		LOCATION863	198
LOCATION862	in 	LOCATION222	198
LOCATION862	of 	ORGANIZATION1044	198
LOCATION863	in 	LOCATION222	198
LOCATION863	of 	ORGANIZATION1044	198
LOCATION222	of 	ORGANIZATION1044	198
PERSON1051	1989 in 	ORGANIZATION1052	199
PERSON1051	playing for 	ORGANIZATION649	199
PERSON1051	playing 	ORGANIZATION263	199
ORGANIZATION649	playing 	ORGANIZATION263	199
PERSON1057	known 	LOCATION166	204
PERSON1057	known 	LOCATION1058	204
PERSON1057	known 	ORGANIZATION1059	204
PERSON1057	known 	LOCATION1060	204
PERSON1057	known in 	LOCATION704	204
LOCATION166		LOCATION1058	204
LOCATION166		ORGANIZATION1059	204
LOCATION166		LOCATION1060	204
LOCATION166	in 	LOCATION704	204
LOCATION1058		ORGANIZATION1059	204
LOCATION1058		LOCATION1060	204
LOCATION1058	in 	LOCATION704	204
ORGANIZATION1059		LOCATION1060	204
ORGANIZATION1059	in 	LOCATION704	204
LOCATION1060	in 	LOCATION704	204
PERSON1067	known 	PERSON1068	205
PERSON1068	plays for 	ORGANIZATION502	205
PERSON1068	plays in 	LOCATION42	205
ORGANIZATION502	in 	LOCATION42	205
PERSON1069		PERSON423	206
PERSON1069	born 	LOCATION1070	206
PERSON1069	born in 	ORGANIZATION937	206
PERSON423	born 	LOCATION1070	206
PERSON423	born in 	ORGANIZATION937	206
LOCATION1070	in 	ORGANIZATION937	206
PERSON1069		PERSON423	206
PERSON1069		LOCATION100	206
PERSON1069	plays for 	ORGANIZATION180	206
PERSON423		LOCATION100	206
PERSON423	plays for 	ORGANIZATION180	206
LOCATION100	plays for 	ORGANIZATION180	206
PERSON1077	born in 	LOCATION1078	207
PERSON1077	plays for 	ORGANIZATION691	207
PERSON112	born 1990 	LOCATION1089	208
PERSON112	plays for 	ORGANIZATION63	208
PERSON1095	plays for 	ORGANIZATION649	209
PERSON1106	plays for 	ORGANIZATION649	210
LOCATION100		LOCATION1115	211
LOCATION100	of 	LOCATION1116	211
LOCATION1115	of 	LOCATION1116	211
PERSON1121	born in 	LOCATION1122	214
PERSON1121		PERSON1123	214
PERSON1121	2010 	ORGANIZATION445	214
PERSON1121	2010 against 	ORGANIZATION1125	214
PERSON1123	PERSON1121 2010 	ORGANIZATION445	214
PERSON1123	PERSON1121 2010 against 	ORGANIZATION1125	214
ORGANIZATION71	in 	PERSON1124	214
ORGANIZATION71	made for 	ORGANIZATION674	214
PERSON1124	made for 	ORGANIZATION674	214
ORGANIZATION445	against 	ORGANIZATION1125	214
PERSON1134	known 	PERSON1135	215
PERSON1135	plays for 	ORGANIZATION63	215
PERSON1135	plays in 	LOCATION42	215
ORGANIZATION63	in 	LOCATION42	215
PERSON1148	plays for 	ORGANIZATION388	218
PERSON1164	plays for 	ORGANIZATION695	224
PERSON1164	plays in 	LOCATION42	224
ORGANIZATION695	in 	LOCATION42	224
LOCATION60	in 	LOCATION42	226
LOCATION60	playing from 	ORGANIZATION263	226
LOCATION60	playing in 	LOCATION42	226
LOCATION42	playing from 	ORGANIZATION263	226
LOCATION42	playing in 	LOCATION42	226
ORGANIZATION263	playing in 	LOCATION42	226
PERSON1170	born in 	LOCATION1171	229
PERSON1170	simply 	LOCATION100	229
PERSON1170	simply plays 	LOCATION611	229
LOCATION100	plays 	LOCATION611	229
PERSON1176	born in 	LOCATION33	230
PERSON1176	plays 	ORGANIZATION31	230
PERSON1179	plays 	ORGANIZATION551	231
PERSON1185	plays for 	ORGANIZATION1186	232
PERSON1185	plays from 	ORGANIZATION369	232
ORGANIZATION1186	plays from 	ORGANIZATION369	232
PERSON1187	known 	PERSON1188	233
PERSON1187	known 	PERSON1188	233
PERSON1189	born in 	LOCATION229	234
PERSON1189		LOCATION100	234
PERSON1189	plays for 	ORGANIZATION506	234
PERSON1189	plays from 	ORGANIZATION1190	234
PERSON1189	plays in 	LOCATION1113	234
LOCATION100	plays for 	ORGANIZATION506	234
LOCATION100	plays from 	ORGANIZATION1190	234
LOCATION100	plays in 	LOCATION1113	234
ORGANIZATION506	plays from 	ORGANIZATION1190	234
ORGANIZATION506	plays in 	LOCATION1113	234
ORGANIZATION1190	in 	LOCATION1113	234
PERSON1195		PERSON1196	235
PERSON1195		PERSON1196	235
PERSON1195	playing for 	ORGANIZATION1197	235
PERSON1196	playing for 	ORGANIZATION1197	235
PERSON1207	born 	LOCATION1208	236
PERSON1207	born 	ORGANIZATION1209	236
PERSON1207	born in 	ORGANIZATION155	236
LOCATION1208		ORGANIZATION1209	236
LOCATION1208	in 	ORGANIZATION155	236
ORGANIZATION1209	in 	ORGANIZATION155	236
PERSON1207		LOCATION100	236
PERSON1207	plays for 	ORGANIZATION506	236
PERSON1207	plays from 	ORGANIZATION58	236
LOCATION100	plays for 	ORGANIZATION506	236
LOCATION100	plays from 	ORGANIZATION58	236
ORGANIZATION506	plays from 	ORGANIZATION58	236
ORGANIZATION1215		LOCATION1216	237
ORGANIZATION1215		PERSON1217	237
ORGANIZATION1215		LOCATION715	237
ORGANIZATION1215	of 	PERSON1218	237
ORGANIZATION1215	played 's 	ORGANIZATION71	237
LOCATION1216		PERSON1217	237
LOCATION1216		LOCATION715	237
LOCATION1216	of 	PERSON1218	237
LOCATION1216	played 's 	ORGANIZATION71	237
PERSON1217		LOCATION715	237
PERSON1217	of 	PERSON1218	237
PERSON1217	played 's 	ORGANIZATION71	237
LOCATION715	of 	PERSON1218	237
LOCATION715	played 's 	ORGANIZATION71	237
PERSON1218	played 's 	ORGANIZATION71	237
PERSON1235		LOCATION100	239
PERSON1235	plays for 	ORGANIZATION594	239
PERSON1235	plays from 	ORGANIZATION369	239
LOCATION100	plays for 	ORGANIZATION594	239
LOCATION100	plays from 	ORGANIZATION369	239
ORGANIZATION594	plays from 	ORGANIZATION369	239
PERSON1236	plays for 	ORGANIZATION180	240
ORGANIZATION1237		LOCATION60	241
ORGANIZATION1237	in 	LOCATION1238	241
LOCATION60	in 	LOCATION1238	241
PERSON1245	plays for 	ORGANIZATION1246	242
PERSON1255	known as 	PERSON1256	243
PERSON1256	born 1990 	LOCATION1257	243
PERSON1255	known 	PERSON1256	243
PERSON1259	born in 	LOCATION1260	244
PERSON1259	plays for 	ORGANIZATION1246	244
PERSON1263		LOCATION125	245
PERSON1263	in 	LOCATION222	245
LOCATION125	in 	LOCATION222	245
PERSON1271	born in 	LOCATION1272	246
ORGANIZATION67	Serie from 	ORGANIZATION288	246
PERSON1281	plays for 	PERSON748	247
PERSON1282	born 	LOCATION1283	248
PERSON1282	born in 	LOCATION126	248
LOCATION1283	in 	LOCATION126	248
PERSON1282		LOCATION100	248
PERSON1282	plays for 	ORGANIZATION327	248
PERSON1282	plays from 	ORGANIZATION678	248
LOCATION100	plays for 	ORGANIZATION327	248
LOCATION100	plays from 	ORGANIZATION678	248
ORGANIZATION327	plays from 	ORGANIZATION678	248
ORGANIZATION896	commonly referred 	ORGANIZATION263	249
ORGANIZATION896	referred 	ORGANIZATION263	249
ORGANIZATION896	referred 	LOCATION385	249
ORGANIZATION896	referred of 	LOCATION1234	249
ORGANIZATION263		LOCATION385	249
ORGANIZATION263	of 	LOCATION1234	249
LOCATION385	of 	LOCATION1234	249
PERSON1291	plays for 	ORGANIZATION878	250
PERSON1299	born in 	LOCATION1300	251
PERSON1299	plays for 	ORGANIZATION1301	251
PERSON1322	captains 	ORGANIZATION876	253
PERSON1331	plays for 	ORGANIZATION708	254
PERSON1332		LOCATION512	255
PERSON1332	plays for 	ORGANIZATION180	255
LOCATION512	plays for 	ORGANIZATION180	255
PERSON1333	plays for 	LOCATION548	256
PERSON1333	plays from 	ORGANIZATION716	256
LOCATION548	plays from 	ORGANIZATION716	256
PERSON1334		LOCATION1335	257
PERSON1338	simply 	PERSON582	258
PERSON1338	simply 	LOCATION100	258
PERSON1338	simply plays for 	ORGANIZATION583	258
PERSON1338	simply plays from 	LOCATION1339	258
PERSON582		LOCATION100	258
PERSON582	plays for 	ORGANIZATION583	258
PERSON582	plays from 	LOCATION1339	258
LOCATION100	plays for 	ORGANIZATION583	258
LOCATION100	plays from 	LOCATION1339	258
ORGANIZATION583	plays from 	LOCATION1339	258
PERSON1340	plays for 	PERSON30	259
PERSON1341	born 1990 	LOCATION1342	260
PERSON1359	plays for 	ORGANIZATION876	262
PERSON1359	plays in 	ORGANIZATION184	262
PERSON1359	plays 	LOCATION120	262
ORGANIZATION876	in 	ORGANIZATION184	262
ORGANIZATION876		LOCATION120	262
ORGANIZATION184		LOCATION120	262
PERSON1365	born 1991 	LOCATION1366	263
PERSON1365	born 1991 	LOCATION1367	263
LOCATION1366		LOCATION1367	263
PERSON1365		LOCATION100	263
PERSON1365	plays for 	ORGANIZATION1368	263
PERSON1365	plays from 	LOCATION1369	263
LOCATION100	plays for 	ORGANIZATION1368	263
LOCATION100	plays from 	LOCATION1369	263
ORGANIZATION1368	plays from 	LOCATION1369	263
LOCATION862		LOCATION863	264
LOCATION862	in 	LOCATION222	264
LOCATION863	in 	LOCATION222	264
PERSON1378	plays 	ORGANIZATION58	265
PERSON1379		LOCATION100	266
PERSON1379	plays in 	LOCATION1113	266
PERSON1379	plays for 	ORGANIZATION1190	266
LOCATION100	plays in 	LOCATION1113	266
LOCATION100	plays for 	ORGANIZATION1190	266
LOCATION1113	for 	ORGANIZATION1190	266
PERSON1381		LOCATION267	267
PERSON1381	in 	LOCATION42	267
LOCATION267	in 	LOCATION42	267
ORGANIZATION450		ORGANIZATION388	268
ORGANIZATION450		PERSON1388	268
ORGANIZATION450		ORGANIZATION1389	268
ORGANIZATION388		PERSON1388	268
ORGANIZATION388		ORGANIZATION1389	268
PERSON1388		ORGANIZATION1389	268
ORGANIZATION450		ORGANIZATION388	268
ORGANIZATION450	located in 	LOCATION1390	268
ORGANIZATION450	located 	LOCATION89	268
ORGANIZATION450	located of 	LOCATION42	268
ORGANIZATION388	located in 	LOCATION1390	268
ORGANIZATION388	located 	LOCATION89	268
ORGANIZATION388	located of 	LOCATION42	268
LOCATION1390		LOCATION89	268
LOCATION1390	of 	LOCATION42	268
LOCATION1390	is of 	ORGANIZATION388	268
LOCATION89	of 	LOCATION42	268
LOCATION89	is of 	ORGANIZATION388	268
LOCATION42	is of 	ORGANIZATION388	268
PERSON1400	plays for 	ORGANIZATION61	270
PERSON1405	born in 	LOCATION1406	271
PERSON1405	playing for 	ORGANIZATION44	271
PERSON1416	plays 	ORGANIZATION214	272
PERSON1426	plays for 	ORGANIZATION179	273
PERSON1426	plays in 	LOCATION222	273
ORGANIZATION179	plays in 	LOCATION222	273
PERSON1436	plays 	ORGANIZATION214	274
PERSON1436	plays from 	LOCATION68	274
ORGANIZATION214	from 	LOCATION68	274
LOCATION1442	of 	ORGANIZATION28	275
LOCATION1442	in 	LOCATION1443	275
ORGANIZATION28	in 	LOCATION1443	275
PERSON1447		LOCATION1448	276
PERSON1447	plays for 	PERSON1449	276
LOCATION1448	plays for 	PERSON1449	276
PERSON1459	plays for 	ORGANIZATION179	277
ORGANIZATION448	referred to 	ORGANIZATION388	279
ORGANIZATION448		LOCATION89	279
ORGANIZATION448	in 	LOCATION90	279
ORGANIZATION388	referred 	LOCATION89	279
ORGANIZATION388	referred in 	LOCATION90	279
LOCATION89	in 	LOCATION90	279
ORGANIZATION448	referred to 	ORGANIZATION388	279
ORGANIZATION448		LOCATION89	279
ORGANIZATION448	in 	LOCATION90	279
ORGANIZATION388	referred 	LOCATION89	279
ORGANIZATION388	referred in 	LOCATION90	279
LOCATION89	in 	LOCATION90	279
PERSON1487	born in 	LOCATION627	280
PERSON1490	plays for 	PERSON302	281
PERSON1495	born 	LOCATION1496	282
PERSON1495	born 	LOCATION1497	282
PERSON1495	born in 	ORGANIZATION155	282
LOCATION1496		LOCATION1497	282
LOCATION1496	in 	ORGANIZATION155	282
LOCATION1497	in 	ORGANIZATION155	282
PERSON1495		LOCATION100	282
PERSON1495	plays for 	ORGANIZATION1498	282
LOCATION100	plays for 	ORGANIZATION1498	282
PERSON1499		ORGANIZATION1500	283
PERSON1499		PERSON792	283
PERSON1499	in 	LOCATION42	283
ORGANIZATION1500		PERSON792	283
ORGANIZATION1500	in 	LOCATION42	283
PERSON792	in 	LOCATION42	283
PERSON1501		LOCATION703	284
PERSON1501		LOCATION42	284
PERSON1501	of 	ORGANIZATION1502	284
LOCATION703		LOCATION42	284
LOCATION703	of 	ORGANIZATION1502	284
LOCATION42	of 	ORGANIZATION1502	284
PERSON1504		LOCATION113	285
PERSON1504	in 	LOCATION42	285
LOCATION113	in 	LOCATION42	285
PERSON1511	known as 	LOCATION1512	286
PERSON1511		LOCATION68	286
PERSON1511	in 	LOCATION42	286
LOCATION68	in 	LOCATION42	286
PERSON1514		LOCATION752	287
PERSON1514	in 	LOCATION42	287
LOCATION752	in 	LOCATION42	287
PERSON1520		LOCATION956	288
PERSON1520	in 	LOCATION42	288
LOCATION956	in 	LOCATION42	288
LOCATION652		LOCATION74	289
LOCATION652	in 	LOCATION42	289
LOCATION74	in 	LOCATION42	289
PERSON1531	referred to 	LOCATION1532	290
PERSON1531		LOCATION1533	290
PERSON1531	in 	LOCATION42	290
PERSON1531	located of 	LOCATION1533	290
LOCATION1532	referred 	LOCATION1533	290
LOCATION1532	referred in 	LOCATION42	290
LOCATION1533	in 	LOCATION42	290
LOCATION1533	located of 	LOCATION1533	290
LOCATION42	located of 	LOCATION1533	290
ORGANIZATION1536	located 	LOCATION1537	291
ORGANIZATION1536	located 	LOCATION385	291
ORGANIZATION1536	located in 	LOCATION42	291
LOCATION1537	located 	LOCATION385	291
LOCATION1537	located in 	LOCATION42	291
LOCATION385	in 	LOCATION42	291
PERSON344		LOCATION343	292
PERSON344	in 	LOCATION42	292
LOCATION343	in 	LOCATION42	292
PERSON1514		LOCATION381	293
PERSON1514	in 	LOCATION42	293
LOCATION381	in 	LOCATION42	293
ORGANIZATION1550		PERSON1551	294
ORGANIZATION1550		LOCATION33	294
ORGANIZATION1550		LOCATION1552	294
ORGANIZATION1550	in 	LOCATION42	294
PERSON1551		LOCATION33	294
PERSON1551		LOCATION1552	294
PERSON1551	in 	LOCATION42	294
LOCATION33		LOCATION1552	294
LOCATION33	in 	LOCATION42	294
LOCATION1552	in 	LOCATION42	294
PERSON1555		LOCATION589	295
PERSON1555	in 	LOCATION42	295
LOCATION589	in 	LOCATION42	295
PERSON1556	known as 	ORGANIZATION1557	296
PERSON1556		LOCATION544	296
PERSON1556	in 	LOCATION42	296
LOCATION544	in 	LOCATION42	296
PERSON1563		LOCATION104	297
PERSON1563	in 	LOCATION42	297
LOCATION104	in 	LOCATION42	297
LOCATION94	in 	LOCATION42	298
PERSON1572	of 	LOCATION1220	299
PERSON1586	plays for 	ORGANIZATION1587	300
PERSON1588	plays for 	ORGANIZATION63	301
LOCATION1595	designed by 	PERSON1596	302
LOCATION1595	designed 	LOCATION776	302
LOCATION1595	designed in 	LOCATION42	302
PERSON1596	designed 	LOCATION776	302
PERSON1596	designed in 	LOCATION42	302
LOCATION776	in 	LOCATION42	302
LOCATION1603		LOCATION1604	303
LOCATION1603	in 	LOCATION222	303
LOCATION1604	in 	LOCATION222	303
PERSON1612	plays for 	PERSON1258	304
PERSON1615		PERSON1616	305
PERSON1621	born in 	LOCATION1622	306
PERSON1621	plays for 	ORGANIZATION668	306
PERSON1626		PERSON1627	307
PERSON1626	plays for 	ORGANIZATION1628	307
PERSON1627	plays for 	ORGANIZATION1628	307
PERSON1629	born in 	ORGANIZATION1630	308
PERSON1629	plays for 	PERSON25	308
PERSON1629	plays in 	LOCATION222	308
PERSON25	in 	LOCATION222	308
PERSON1631	born 	LOCATION1632	309
PERSON1631	born 	LOCATION1116	309
LOCATION1632		LOCATION1116	309
PERSON1631	simply 	PERSON1633	309
PERSON1631	simply 	LOCATION100	309
PERSON1631	simply plays for 	ORGANIZATION1174	309
PERSON1633		LOCATION100	309
PERSON1633	plays for 	ORGANIZATION1174	309
LOCATION100	plays for 	ORGANIZATION1174	309
PERSON1635	plays for 	ORGANIZATION71	310
PERSON1645	born 	LOCATION1646	311
PERSON1645	born in 	LOCATION1647	311
LOCATION1646	in 	LOCATION1647	311
PERSON1645	known 	PERSON1648	311
PERSON1645	known 	LOCATION100	311
PERSON1648		LOCATION100	311
PERSON1648	plays for 	ORGANIZATION124	311
LOCATION100	plays for 	ORGANIZATION124	311
PERSON1650	plays for 	ORGANIZATION1651	312
PERSON1650	plays 	LOCATION100	312
PERSON1650	plays from 	ORGANIZATION180	312
ORGANIZATION1651	plays 	LOCATION100	312
ORGANIZATION1651	plays from 	ORGANIZATION180	312
LOCATION100	from 	ORGANIZATION180	312
PERSON1652		PERSON1653	313
PERSON1652	born in 	LOCATION1342	313
PERSON1653	born in 	LOCATION1342	313
PERSON1652	playing for 	LOCATION1342	313
PERSON1656		PERSON1657	314
PERSON1656	born in 	LOCATION229	314
PERSON1657	born in 	LOCATION229	314
PERSON1656		PERSON1657	314
PERSON1656		LOCATION100	314
PERSON1656	plays for 	PERSON25	314
PERSON1657		LOCATION100	314
PERSON1657	plays for 	PERSON25	314
LOCATION100	plays for 	PERSON25	314
PERSON1658	plays for 	ORGANIZATION31	315
PERSON1666	born 	LOCATION862	316
PERSON1666	born in 	LOCATION863	316
LOCATION862	in 	LOCATION863	316
PERSON1666		LOCATION100	316
PERSON1666	plays from 	ORGANIZATION865	316
LOCATION100	plays from 	ORGANIZATION865	316
PERSON1667	plays for 	ORGANIZATION1668	317
PERSON1669	plays for 	ORGANIZATION124	318
PERSON1669	plays in 	LOCATION222	318
ORGANIZATION124	in 	LOCATION222	318
PERSON1682	born 	LOCATION1683	319
PERSON1682	born in 	LOCATION1684	319
LOCATION1683	in 	LOCATION1684	319
PERSON1692		LOCATION100	320
PERSON1692	plays 	LOCATION611	320
LOCATION100	plays 	LOCATION611	320
PERSON1693	born 	LOCATION1096	321
PERSON1693	born 	ORGANIZATION1097	321
PERSON1693	born in 	LOCATION42	321
LOCATION1096		ORGANIZATION1097	321
LOCATION1096	in 	LOCATION42	321
ORGANIZATION1097	in 	LOCATION42	321
PERSON1693	plays 	ORGANIZATION716	321
PERSON1693	plays from 	LOCATION1694	321
ORGANIZATION716	from 	LOCATION1694	321
PERSON1699	known 	PERSON1700	322
PERSON1699	known 	LOCATION100	322
PERSON1700		LOCATION100	322
PERSON1700	plays for 	ORGANIZATION623	322
LOCATION100	plays for 	ORGANIZATION623	322
PERSON1709	plays for 	ORGANIZATION1710	325
PERSON1711	born in 	LOCATION229	326
PERSON1711		LOCATION100	326
PERSON1711	plays for 	ORGANIZATION369	326
LOCATION100	plays for 	ORGANIZATION369	326
ORGANIZATION1721	playing 	LOCATION9	327
PERSON1731	born 	LOCATION1732	329
PERSON1731	born in 	LOCATION1116	329
LOCATION1732	in 	LOCATION1116	329
PERSON1731		LOCATION100	329
PERSON1731	plays in 	LOCATION363	329
LOCATION100	plays in 	LOCATION363	329
PERSON1737	born 1993 	LOCATION1738	331
PERSON1737	born 1993 	LOCATION1599	331
LOCATION1738		LOCATION1599	331
PERSON1737		LOCATION1599	331
PERSON1737	of 	PERSON1739	331
PERSON1737	plays for 	ORGANIZATION1197	331
PERSON1737		ORGANIZATION63	331
LOCATION1599	of 	PERSON1739	331
LOCATION1599	plays for 	ORGANIZATION1197	331
LOCATION1599	PERSON1737 	ORGANIZATION63	331
PERSON1739	plays for 	ORGANIZATION1197	331
PERSON1739	PERSON1737 	ORGANIZATION63	331
PERSON1745		LOCATION512	332
PERSON1745	plays for 	ORGANIZATION1677	332
LOCATION512	plays for 	ORGANIZATION1677	332
PERSON1753	plays for 	ORGANIZATION1668	334
PERSON1757	born in 	LOCATION42	335
PERSON1765	plays for 	LOCATION675	336
PERSON1765	plays from 	LOCATION381	336
LOCATION675	plays from 	LOCATION381	336
PERSON1771	plays for 	ORGANIZATION388	337
PERSON1779	known 	PERSON1780	338
PERSON1779	known as 	PERSON1780	338
PERSON1779		LOCATION170	338
PERSON1780	born in 	LOCATION1781	338
PERSON1780	known 	LOCATION170	338
PERSON1792	plays 	ORGANIZATION413	339
PERSON1792	plays from 	ORGANIZATION204	339
ORGANIZATION413	plays from 	ORGANIZATION204	339
PERSON1800	born 	LOCATION1801	340
PERSON1800	born in 	LOCATION1802	340
LOCATION1801	in 	LOCATION1802	340
PERSON1800	plays for 	ORGANIZATION61	340
PERSON1803	playing for 	PERSON198	341
PERSON1803	playing from 	LOCATION385	341
PERSON198	from 	LOCATION385	341
PERSON1807	known 	PERSON1808	342
PERSON1808	plays for 	ORGANIZATION1809	342
PERSON1815		PERSON1816	343
PERSON1815	born in 	LOCATION1342	343
PERSON1816	born in 	LOCATION1342	343
PERSON1824	known from 	LOCATION1825	344
PERSON1836	plays for 	ORGANIZATION67	345
PERSON1836	plays from 	ORGANIZATION71	345
ORGANIZATION67	plays from 	ORGANIZATION71	345
PERSON1837	born 1987 	LOCATION1838	346
PERSON1843	born 	LOCATION1844	347
PERSON1843	born in 	LOCATION1845	347
LOCATION1844	in 	LOCATION1845	347
PERSON1843		LOCATION100	347
PERSON1843	plays for 	LOCATION168	347
LOCATION100	plays for 	LOCATION168	347
PERSON1851		PERSON569	348
PERSON1851	born 	LOCATION1852	348
PERSON1851	born in 	LOCATION126	348
PERSON569	born 	LOCATION1852	348
PERSON569	born in 	LOCATION126	348
LOCATION1852	in 	LOCATION126	348
PERSON1851		PERSON569	348
PERSON1851		LOCATION100	348
PERSON1851	plays for 	ORGANIZATION124	348
PERSON569		LOCATION100	348
PERSON569	plays for 	ORGANIZATION124	348
LOCATION100	plays for 	ORGANIZATION124	348
PERSON1858	plays for 	ORGANIZATION288	349
PERSON1859	plays for 	LOCATION168	350
PERSON1859	plays in 	LOCATION222	350
PERSON1859	plays 	LOCATION571	350
LOCATION168	in 	LOCATION222	350
LOCATION168		LOCATION571	350
LOCATION222		LOCATION571	350
PERSON1864		LOCATION100	352
PERSON1864	playing for 	ORGANIZATION867	352
LOCATION100	playing for 	ORGANIZATION867	352
PERSON1865	plays for 	ORGANIZATION942	353
PERSON1873	plays for 	ORGANIZATION549	354
PERSON1887	born 	LOCATION1888	356
PERSON1887	born in 	LOCATION309	356
LOCATION1888	in 	LOCATION309	356
PERSON1887		LOCATION100	356
PERSON1887	plays for 	ORGANIZATION124	356
LOCATION100	plays for 	ORGANIZATION124	356
PERSON1889	plays for 	PERSON320	357
PERSON1899	born 	ORGANIZATION183	359
PERSON1899	born in 	LOCATION863	359
ORGANIZATION183	in 	LOCATION863	359
PERSON1899		LOCATION100	359
PERSON1899	plays for 	ORGANIZATION1498	359
LOCATION100	plays for 	ORGANIZATION1498	359
PERSON1902		LOCATION100	360
PERSON1902	plays for 	ORGANIZATION880	360
LOCATION100	plays for 	ORGANIZATION880	360
PERSON1909	born in 	LOCATION229	361
PERSON1909		LOCATION100	361
PERSON1909	plays for 	ORGANIZATION1174	361
LOCATION100	plays for 	ORGANIZATION1174	361
PERSON1916		PERSON1917	362
PERSON1916	Quique 	PERSON1917	362
PERSON1916	Quique 	LOCATION100	362
PERSON1916	Quique plays for 	PERSON748	362
PERSON1917		LOCATION100	362
PERSON1917	plays for 	PERSON748	362
LOCATION100	plays for 	PERSON748	362
PERSON1926	plays for 	ORGANIZATION180	364
PERSON1926	plays in 	LOCATION222	364
ORGANIZATION180	in 	LOCATION222	364
PERSON1934	plays 	ORGANIZATION1935	365
PERSON1934	plays for 	PERSON1471	365
ORGANIZATION1935	for 	PERSON1471	365
PERSON1936	born in 	LOCATION221	366
PERSON1936		PERSON1937	366
PERSON1936	meaning in 	LOCATION100	366
PERSON1936		LOCATION100	366
PERSON1936	plays for 	ORGANIZATION942	366
PERSON1937	meaning in 	LOCATION100	366
PERSON1937		LOCATION100	366
PERSON1937	plays for 	ORGANIZATION942	366
LOCATION100	meaning 	LOCATION100	366
LOCATION100	plays for 	ORGANIZATION942	366
PERSON1940	plays for 	LOCATION811	367
PERSON1940	plays from 	LOCATION385	367
LOCATION811	plays from 	LOCATION385	367
ORGANIZATION1521	Serie from 	ORGANIZATION288	368
PERSON1959	born 1987 	LOCATION1622	369
ORGANIZATION1968		LOCATION1732	371
ORGANIZATION1968	in 	LOCATION222	371
LOCATION1732	in 	LOCATION222	371
ORGANIZATION1985		LOCATION1116	372
ORGANIZATION1985	in 	LOCATION222	372
LOCATION1116	in 	LOCATION222	372
PERSON1988		LOCATION125	373
PERSON1988	in 	LOCATION222	373
LOCATION125	in 	LOCATION222	373
PERSON426		LOCATION29	374
PERSON426	in 	LOCATION222	374
LOCATION29	in 	LOCATION222	374
LOCATION1996		ORGANIZATION1997	375
LOCATION1996		ORGANIZATION1997	375
LOCATION1996		LOCATION1998	375
LOCATION1996		LOCATION1999	375
LOCATION1996	in 	LOCATION222	375
ORGANIZATION1997		LOCATION1998	375
ORGANIZATION1997		LOCATION1999	375
ORGANIZATION1997	in 	LOCATION222	375
LOCATION1998		LOCATION1999	375
LOCATION1998	in 	LOCATION222	375
LOCATION1999	in 	LOCATION222	375
PERSON2003	of 	LOCATION361	376
PERSON2003		LOCATION126	376
PERSON2003	in 	LOCATION222	376
LOCATION361		LOCATION126	376
LOCATION361	in 	LOCATION222	376
LOCATION126	in 	LOCATION222	376
PERSON2010	born 	LOCATION2011	377
PERSON2010	born in 	LOCATION2012	377
LOCATION2011	in 	LOCATION2012	377
PERSON2010	plays for 	ORGANIZATION263	377
PERSON2010	plays from 	ORGANIZATION159	377
ORGANIZATION263	plays from 	ORGANIZATION159	377
PERSON2017	known 	PERSON50	378
PERSON2017	known 	LOCATION100	378
PERSON50		LOCATION100	378
PERSON50	plays for 	ORGANIZATION942	378
LOCATION100	plays for 	ORGANIZATION942	378
PERSON2028	better known as 	PERSON2029	380
PERSON2028	better known 	ORGANIZATION551	380
PERSON2029	known 	ORGANIZATION551	380
PERSON2036	plays as 	ORGANIZATION171	381
PERSON2036	plays as for 	LOCATION172	381
PERSON2036	plays from 	LOCATION392	381
ORGANIZATION171	for 	LOCATION172	381
ORGANIZATION171	as plays from 	LOCATION392	381
LOCATION172	as plays from 	LOCATION392	381
PERSON2038	born 1983 	LOCATION120	382
PERSON2038	plays for 	ORGANIZATION1382	382
PERSON2053	playing for 	ORGANIZATION1026	383
PERSON2053	playing from 	ORGANIZATION502	383
ORGANIZATION1026	playing from 	ORGANIZATION502	383
ORGANIZATION2055		LOCATION2056	385
LOCATION2064		ORGANIZATION541	386
LOCATION2064	of 	ORGANIZATION678	386
LOCATION2064	located 	LOCATION2065	386
LOCATION2064	located 	LOCATION100	386
LOCATION2064	located of 	LOCATION229	386
ORGANIZATION541	of 	ORGANIZATION678	386
ORGANIZATION541	located 	LOCATION2065	386
ORGANIZATION541	located 	LOCATION100	386
ORGANIZATION541	located of 	LOCATION229	386
ORGANIZATION678	located 	LOCATION2065	386
ORGANIZATION678	located 	LOCATION100	386
ORGANIZATION678	located of 	LOCATION229	386
LOCATION2065		LOCATION100	386
LOCATION2065	of 	LOCATION229	386
LOCATION100	of 	LOCATION229	386
PERSON2072	born 	LOCATION2073	387
PERSON2072		LOCATION100	387
PERSON2072	plays for 	ORGANIZATION327	387
PERSON2072	plays in 	LOCATION2	387
LOCATION100	plays for 	ORGANIZATION327	387
LOCATION100	plays in 	LOCATION2	387
ORGANIZATION327	in 	LOCATION2	387
PERSON2076	plays for 	ORGANIZATION2077	388
PERSON2076	plays from 	LOCATION715	388
ORGANIZATION2077	plays from 	LOCATION715	388
PERSON2081	born 1985 	LOCATION2082	390
PERSON2081	playing in 	LOCATION42	390
PERSON2081	playing for 	PERSON1258	390
LOCATION42	for 	PERSON1258	390
PERSON2091	plays for 	PERSON2092	391
PERSON2091	plays from 	LOCATION1410	391
PERSON2092	plays from 	LOCATION1410	391
PERSON2099	known 	LOCATION100	393
LOCATION100	plays 	PERSON194	393
ORGANIZATION1061		LOCATION1060	394
ORGANIZATION1061	in 	LOCATION42	394
ORGANIZATION1061	used by 	ORGANIZATION48	394
ORGANIZATION1061	used 	PERSON2100	394
LOCATION1060	in 	LOCATION42	394
LOCATION1060	used by 	ORGANIZATION48	394
LOCATION1060	used 	PERSON2100	394
LOCATION42	used by 	ORGANIZATION48	394
LOCATION42	used 	PERSON2100	394
ORGANIZATION48		PERSON2100	394
LOCATION1366	referred 	LOCATION100	395
LOCATION1366	referred in 	LOCATION1366	395
LOCATION1366	referred of 	LOCATION863	395
LOCATION100	in 	LOCATION1366	395
LOCATION100	of 	LOCATION863	395
LOCATION1366	of 	LOCATION863	395
PERSON2103	plays for 	ORGANIZATION502	396
PERSON2108	born 	LOCATION2109	397
PERSON2108	born in 	LOCATION2110	397
LOCATION2109	in 	LOCATION2110	397
PERSON2108		LOCATION100	397
PERSON2108	plays for 	LOCATION1366	397
PERSON2108	plays from 	PERSON748	397
LOCATION100	plays for 	LOCATION1366	397
LOCATION100	plays from 	PERSON748	397
LOCATION1366	plays from 	PERSON748	397
PERSON2111	born 	LOCATION1342	398
PERSON2111	born 	LOCATION1492	398
PERSON2111	born in 	LOCATION1323	398
PERSON2111	playing for 	ORGANIZATION2112	398
PERSON2111	playing in 	ORGANIZATION735	398
LOCATION1342		LOCATION1492	398
LOCATION1342	in 	LOCATION1323	398
LOCATION1492	in 	LOCATION1323	398
ORGANIZATION2112	in 	ORGANIZATION735	398
PERSON2117	born in 	LOCATION537	399
PERSON673	born in 	LOCATION2118	400
PERSON673	plays for 	ORGANIZATION388	400
ORGANIZATION388	co-owned with 	ORGANIZATION71	400
PERSON2130	playing for 	ORGANIZATION63	401
PERSON2136	playing for 	ORGANIZATION642	402
PERSON2137	born in 	LOCATION2138	403
PERSON2137		LOCATION2139	403
PERSON2137	plays for 	ORGANIZATION579	403
PERSON2137	plays in 	LOCATION425	403
LOCATION2139	plays for 	ORGANIZATION579	403
LOCATION2139	plays in 	LOCATION425	403
ORGANIZATION579	in 	LOCATION425	403
PERSON2146	plays for 	PERSON302	404
PERSON2147		LOCATION512	405
PERSON2147	plays for 	ORGANIZATION180	405
LOCATION512	plays for 	ORGANIZATION180	405
PERSON765	with 	ORGANIZATION71	407
PERSON2162	born 	LOCATION2163	408
PERSON2162	born 	ORGANIZATION183	408
PERSON2162	born in 	LOCATION863	408
LOCATION2163		ORGANIZATION183	408
LOCATION2163	in 	LOCATION863	408
ORGANIZATION183	in 	LOCATION863	408
PERSON2162		LOCATION100	408
PERSON2162	plays for 	ORGANIZATION1498	408
LOCATION100	plays for 	ORGANIZATION1498	408
PERSON2165	plays 	ORGANIZATION549	409
PERSON2166	born 	LOCATION2167	410
PERSON2166	born 	LOCATION1366	410
PERSON2166	born in 	LOCATION863	410
LOCATION2167		LOCATION1366	410
LOCATION2167	in 	LOCATION863	410
LOCATION1366	in 	LOCATION863	410
PERSON2166		LOCATION100	410
PERSON2166	plays for 	ORGANIZATION623	410
LOCATION100	plays for 	ORGANIZATION623	410
PERSON2183	plays for 	ORGANIZATION629	412
PERSON2183	plays 	LOCATION147	412
ORGANIZATION629		LOCATION147	412
PERSON2184	born 1981 	LOCATION262	413
PERSON2190		LOCATION100	414
PERSON2190	plays for 	ORGANIZATION124	414
LOCATION100	plays for 	ORGANIZATION124	414
LOCATION376		LOCATION301	415
LOCATION376	of 	LOCATION42	415
LOCATION301	of 	LOCATION42	415
PERSON2203	plays for 	LOCATION60	417
PERSON2203	plays from 	LOCATION381	417
LOCATION60	plays from 	LOCATION381	417
PERSON2214	plays for 	ORGANIZATION47	418
PERSON2217	plays for 	LOCATION1220	419
PERSON2227	born in 	LOCATION2228	420
PERSON2227	plays for 	ORGANIZATION31	420
LOCATION2229	of 	LOCATION2230	421
LOCATION2229		LOCATION149	421
LOCATION2229	in 	LOCATION42	421
LOCATION2229	is in 	LOCATION42	421
LOCATION2229	is 	LOCATION377	421
LOCATION2229	is after 	LOCATION376	421
LOCATION2230		LOCATION149	421
LOCATION2230	in 	LOCATION42	421
LOCATION2230	is in 	LOCATION42	421
LOCATION2230	is 	LOCATION377	421
LOCATION2230	is after 	LOCATION376	421
LOCATION149	in 	LOCATION42	421
LOCATION149	is in 	LOCATION42	421
LOCATION149	is 	LOCATION377	421
LOCATION149	is after 	LOCATION376	421
LOCATION42	is in 	LOCATION42	421
LOCATION42	is 	LOCATION377	421
LOCATION42	is after 	LOCATION376	421
LOCATION42	is 	LOCATION377	421
LOCATION42	is after 	LOCATION376	421
LOCATION377	after 	LOCATION376	421
PERSON2233	known as 	PERSON2234	422
PERSON2233	plays for 	ORGANIZATION524	422
PERSON2238	born in 	LOCATION2239	423
PERSON2238	plays 	ORGANIZATION87	423
PERSON2247	contracted to 	LOCATION166	424
PERSON2247	began of 	LOCATION2248	424
LOCATION2248	based 	ORGANIZATION2249	424
PERSON2255	plays for 	ORGANIZATION156	425
PERSON2255	plays from 	PERSON130	425
ORGANIZATION156	plays from 	PERSON130	425
PERSON2256	born in 	LOCATION760	426
PERSON2256	plays 	ORGANIZATION541	426
PERSON2256	plays for 	ORGANIZATION124	426
ORGANIZATION541	for 	ORGANIZATION124	426
PERSON2258	born in 	LOCATION262	427
PERSON2261	born in 	LOCATION1927	428
PERSON2261	plays 's 	PERSON2262	428
PERSON2267		LOCATION512	429
PERSON2273	plays for 	ORGANIZATION1893	430
PERSON2283	1984 in 	LOCATION301	431
PERSON2283	playing for 	LOCATION166	431
PERSON2283	playing 's 	LOCATION42	431
LOCATION166	's 	LOCATION42	431
PERSON2284		LOCATION100	432
PERSON2284	plays 	ORGANIZATION1440	432
PERSON2284	plays for 	LOCATION1441	432
PERSON2284	plays from 	ORGANIZATION867	432
LOCATION100	plays 	ORGANIZATION1440	432
LOCATION100	plays for 	LOCATION1441	432
LOCATION100	plays from 	ORGANIZATION867	432
ORGANIZATION1440	for 	LOCATION1441	432
ORGANIZATION1440	plays from 	ORGANIZATION867	432
LOCATION1441	plays from 	ORGANIZATION867	432
PERSON2285	plays for 	LOCATION675	433
PERSON2285	plays from 	LOCATION715	433
LOCATION675	plays from 	LOCATION715	433
PERSON2292	known 	PERSON2293	434
PERSON2293	plays for 	ORGANIZATION159	434
PERSON2302	born 	LOCATION2303	435
PERSON2302	born in 	LOCATION2304	435
LOCATION2303	in 	LOCATION2304	435
PERSON2302	known 	PERSON2305	435
PERSON2305	plays 	ORGANIZATION541	435
PERSON2305	plays for 	ORGANIZATION124	435
ORGANIZATION541	for 	ORGANIZATION124	435
PERSON2315	born in 	LOCATION149	436
PERSON2317	plays for 	ORGANIZATION708	437
PERSON2317	plays from 	ORGANIZATION401	437
ORGANIZATION708	plays from 	ORGANIZATION401	437
PERSON2318	plays for 	LOCATION68	438
PERSON2319	born in 	LOCATION2320	439
PERSON2319		LOCATION170	439
PERSON2319	for 	ORGANIZATION2321	439
LOCATION170	for 	ORGANIZATION2321	439
PERSON2327	born in 	LOCATION2328	440
PERSON2327	playing for 	LOCATION1418	440
PERSON2329	born 	LOCATION1122	441
PERSON2329	born in 	LOCATION2330	441
LOCATION1122	in 	LOCATION2330	441
PERSON2329	plays for 	ORGANIZATION865	441
PERSON2329	plays in 	LOCATION222	441
ORGANIZATION865	in 	LOCATION222	441
PERSON122		PERSON2336	442
PERSON122	born 	LOCATION862	442
PERSON122	born in 	LOCATION863	442
PERSON2336	born 	LOCATION862	442
PERSON2336	born in 	LOCATION863	442
LOCATION862	in 	LOCATION863	442
PERSON122		PERSON2336	442
PERSON122		LOCATION100	442
PERSON122	plays for 	ORGANIZATION865	442
PERSON2336		LOCATION100	442
PERSON2336	plays for 	ORGANIZATION865	442
LOCATION100	plays for 	ORGANIZATION865	442
PERSON2339	plays for 	ORGANIZATION2340	443
PERSON2348	plays 	ORGANIZATION687	444
PERSON2353	born 	PERSON2354	445
PERSON2353	born 	ORGANIZATION183	445
PERSON2353	born in 	LOCATION863	445
PERSON2354		ORGANIZATION183	445
PERSON2354	in 	LOCATION863	445
ORGANIZATION183	in 	LOCATION863	445
PERSON2353		LOCATION100	445
PERSON2353	plays for 	ORGANIZATION1498	445
LOCATION100	plays for 	ORGANIZATION1498	445
PERSON2356	born 	LOCATION2357	446
PERSON2356	born in 	LOCATION2358	446
LOCATION2357	in 	LOCATION2358	446
PERSON2356	plays for 	LOCATION785	446
PERSON2367	born 	LOCATION2368	447
PERSON2367	born in 	LOCATION2330	447
LOCATION2368	in 	LOCATION2330	447
PERSON2367	plays for 	ORGANIZATION495	447
PERSON2367	plays in 	ORGANIZATION17	447
PERSON2367	plays from 	ORGANIZATION865	447
ORGANIZATION495	in 	ORGANIZATION17	447
ORGANIZATION495	plays from 	ORGANIZATION865	447
ORGANIZATION17	plays from 	ORGANIZATION865	447
PERSON2370	referred to 	PERSON2371	448
PERSON2370	referred to 	PERSON2371	448
ORGANIZATION44	from 	LOCATION785	448
ORGANIZATION44	in 	PERSON2372	448
ORGANIZATION44	started of 	ORGANIZATION2373	448
LOCATION785	in 	PERSON2372	448
LOCATION785	started of 	ORGANIZATION2373	448
PERSON2372	started of 	ORGANIZATION2373	448
PERSON2383	plays for 	ORGANIZATION48	449
PERSON2391		PERSON2392	450
PERSON2391	born 	LOCATION2393	450
PERSON2391	born in 	LOCATION2357	450
PERSON2392	born 	LOCATION2393	450
PERSON2392	born in 	LOCATION2357	450
LOCATION2393	in 	LOCATION2357	450
PERSON2391		PERSON2392	450
PERSON2391	plays for 	ORGANIZATION2394	450
PERSON2392	plays for 	ORGANIZATION2394	450
PERSON2395	born 1994 	LOCATION2396	451
PERSON2395	known 	PERSON2397	451
PERSON2397	plays for 	ORGANIZATION2398	451
PERSON2400	played 	LOCATION2401	452
PERSON2400	played 	ORGANIZATION2402	452
PERSON2400	played 	PERSON2403	452
PERSON2400	played 	PERSON2404	452
PERSON2400	played 	LOCATION2405	452
PERSON2400	played for 	PERSON458	452
PERSON2400	played 	PERSON1777	452
LOCATION2401		ORGANIZATION2402	452
LOCATION2401		PERSON2403	452
LOCATION2401		PERSON2404	452
LOCATION2401		LOCATION2405	452
LOCATION2401	for 	PERSON458	452
LOCATION2401		PERSON1777	452
ORGANIZATION2402		PERSON2403	452
ORGANIZATION2402		PERSON2404	452
ORGANIZATION2402		LOCATION2405	452
ORGANIZATION2402	for 	PERSON458	452
ORGANIZATION2402		PERSON1777	452
PERSON2403		PERSON2404	452
PERSON2403		LOCATION2405	452
PERSON2403	for 	PERSON458	452
PERSON2403		PERSON1777	452
PERSON2404		LOCATION2405	452
PERSON2404	for 	PERSON458	452
PERSON2404		PERSON1777	452
LOCATION2405	for 	PERSON458	452
LOCATION2405		PERSON1777	452
PERSON458		PERSON1777	452
PERSON2412	born 	LOCATION2413	454
PERSON2412	born in 	LOCATION229	454
LOCATION2413	in 	LOCATION229	454
PERSON2412		LOCATION100	454
PERSON2412	plays for 	PERSON2414	454
LOCATION100	plays for 	PERSON2414	454
PERSON2415	plays for 	ORGANIZATION691	455
PERSON2415	plays in 	LOCATION42	455
ORGANIZATION691	in 	LOCATION42	455
ORGANIZATION1502	in 	PERSON2424	456
PERSON2427		PERSON2428	457
PERSON2427	born 	LOCATION2429	457
PERSON2427	born 	ORGANIZATION2430	457
PERSON2427	born in 	ORGANIZATION155	457
PERSON2428	born 	LOCATION2429	457
PERSON2428	born 	ORGANIZATION2430	457
PERSON2428	born in 	ORGANIZATION155	457
LOCATION2429		ORGANIZATION2430	457
LOCATION2429	in 	ORGANIZATION155	457
ORGANIZATION2430	in 	ORGANIZATION155	457
PERSON2427	simply 	PERSON2428	457
PERSON2427	simply plays for 	ORGANIZATION156	457
PERSON2428	plays for 	ORGANIZATION156	457
PERSON2431		PERSON2432	458
PERSON2431	PERSON2432 born 	LOCATION2433	458
PERSON2431	PERSON2432 born in 	LOCATION83	458
PERSON2432	born 	LOCATION2433	458
PERSON2432	born in 	LOCATION83	458
LOCATION2433	in 	LOCATION83	458
PERSON2431		PERSON2432	458
PERSON2431	playing for 	ORGANIZATION1040	458
PERSON2432	playing for 	ORGANIZATION1040	458
PERSON2446	known 	PERSON2447	460
PERSON2457	born 	LOCATION617	461
PERSON2457	born in 	LOCATION618	461
LOCATION617	in 	LOCATION618	461
PERSON2457		LOCATION100	461
PERSON2457	plays for 	ORGANIZATION369	461
LOCATION100	plays for 	ORGANIZATION369	461
LOCATION2465		LOCATION2466	462
LOCATION2465	's 	ORGANIZATION867	462
PERSON2483	born 	LOCATION99	464
PERSON2483	born in 	ORGANIZATION192	464
LOCATION99	in 	ORGANIZATION192	464
PERSON2483	plays for 	PERSON748	464
PERSON2484	plays for 	ORGANIZATION7	465
PERSON2484	plays in 	ORGANIZATION735	465
ORGANIZATION7	in 	ORGANIZATION735	465
PERSON2493	plays 	ORGANIZATION2494	466
PERSON2501		PERSON2502	467
PERSON2501	born in 	LOCATION2503	467
PERSON2502	born in 	LOCATION2503	467
PERSON2501	simply 	PERSON2502	467
PERSON2501	simply plays in 	LOCATION484	467
PERSON2502	plays in 	LOCATION484	467
ORGANIZATION2507	known 	ORGANIZATION67	468
ORGANIZATION2507	known 	ORGANIZATION2508	468
ORGANIZATION2507	known 	LOCATION956	468
ORGANIZATION2507	known in 	LOCATION1238	468
ORGANIZATION67		ORGANIZATION2508	468
ORGANIZATION67		LOCATION956	468
ORGANIZATION67	in 	LOCATION1238	468
ORGANIZATION2508		LOCATION956	468
ORGANIZATION2508	in 	LOCATION1238	468
LOCATION956	in 	LOCATION1238	468
ORGANIZATION2507	known 	ORGANIZATION67	468
ORGANIZATION2507	known 	ORGANIZATION2508	468
ORGANIZATION2507	known 	LOCATION956	468
ORGANIZATION2507	known in 	LOCATION1238	468
ORGANIZATION67		ORGANIZATION2508	468
ORGANIZATION67		LOCATION956	468
ORGANIZATION67	in 	LOCATION1238	468
ORGANIZATION2508		LOCATION956	468
ORGANIZATION2508	in 	LOCATION1238	468
LOCATION956	in 	LOCATION1238	468
ORGANIZATION2476	known as 	ORGANIZATION867	469
ORGANIZATION2476		LOCATION1998	469
ORGANIZATION2476		LOCATION1999	469
ORGANIZATION2476	in 	LOCATION222	469
ORGANIZATION867	known 	LOCATION1998	469
ORGANIZATION867	known 	LOCATION1999	469
ORGANIZATION867	known in 	LOCATION222	469
LOCATION1998		LOCATION1999	469
LOCATION1998	in 	LOCATION222	469
LOCATION1999	in 	LOCATION222	469
ORGANIZATION2531	known 	ORGANIZATION1853	471
ORGANIZATION2531	known 	LOCATION100	471
ORGANIZATION2531	known in 	LOCATION229	471
ORGANIZATION1853		LOCATION100	471
ORGANIZATION1853	in 	LOCATION229	471
ORGANIZATION1853	play in 	LOCATION2	471
LOCATION100	in 	LOCATION229	471
LOCATION100	play in 	LOCATION2	471
LOCATION229	play in 	LOCATION2	471
PERSON2540	born 	LOCATION1998	472
PERSON2540	born in 	LOCATION2469	472
LOCATION1998	in 	LOCATION2469	472
PERSON2540	simply 	LOCATION100	472
PERSON2540	simply plays for 	ORGANIZATION867	472
LOCATION100	plays for 	ORGANIZATION867	472
ORGANIZATION1044	known as 	ORGANIZATION183	473
ORGANIZATION1044	known as 	LOCATION2547	473
ORGANIZATION1044		LOCATION862	473
ORGANIZATION1044		LOCATION863	473
ORGANIZATION1044	in 	LOCATION222	473
ORGANIZATION183	known as 	LOCATION2547	473
ORGANIZATION183	known 	LOCATION862	473
ORGANIZATION183	known 	LOCATION863	473
ORGANIZATION183	known in 	LOCATION222	473
LOCATION2547	known 	LOCATION862	473
LOCATION2547	known 	LOCATION863	473
LOCATION2547	known in 	LOCATION222	473
LOCATION862		LOCATION863	473
LOCATION862	in 	LOCATION222	473
LOCATION863	in 	LOCATION222	473
ORGANIZATION2554		ORGANIZATION2555	474
ORGANIZATION2554	referred to 	ORGANIZATION716	474
PERSON2559	born in 	LOCATION1927	475
LOCATION785	in 	PERSON2560	475
LOCATION785	began with 	PERSON2332	475
PERSON2560	began with 	PERSON2332	475
PERSON2564	born 	LOCATION442	476
PERSON2564	born in 	LOCATION443	476
LOCATION442	in 	LOCATION443	476
PERSON2564		LOCATION100	476
PERSON2564	plays for 	ORGANIZATION867	476
LOCATION100	plays for 	ORGANIZATION867	476
PERSON2570	born 	LOCATION2571	477
PERSON2570	born 	LOCATION2110	477
PERSON2570	born in 	LOCATION1116	477
LOCATION2571		LOCATION2110	477
LOCATION2571	in 	LOCATION1116	477
LOCATION2110	in 	LOCATION1116	477
PERSON2570		LOCATION100	477
PERSON2570	plays for 	PERSON748	477
LOCATION100	plays for 	PERSON748	477
PERSON2574	born in 	LOCATION1738	478
PERSON2574	plays for 	ORGANIZATION2575	478
PERSON2574	plays 	LOCATION1599	478
ORGANIZATION2575		LOCATION1599	478
ORGANIZATION2586		LOCATION89	479
ORGANIZATION2586	in 	LOCATION42	479
LOCATION89	in 	LOCATION42	479
PERSON122	9 	LOCATION2357	480
PERSON122	9 in 	LOCATION126	480
LOCATION2357	in 	LOCATION126	480
PERSON122		LOCATION100	480
PERSON122	plays from 	ORGANIZATION124	480
LOCATION100	plays from 	ORGANIZATION124	480
PERSON2604	plays for 	ORGANIZATION1265	483
ORGANIZATION2605	referred to 	ORGANIZATION159	484
ORGANIZATION2605	in 	LOCATION301	484
ORGANIZATION159	referred in 	LOCATION301	484
PERSON122	plays for 	ORGANIZATION620	485
ORGANIZATION2607		ORGANIZATION2608	486
ORGANIZATION2607	known 	ORGANIZATION180	486
ORGANIZATION2607	known as 	LOCATION221	486
ORGANIZATION2607	known 	ORGANIZATION2609	486
ORGANIZATION2608	known 	ORGANIZATION180	486
ORGANIZATION2608	known as 	LOCATION221	486
ORGANIZATION2608	known 	ORGANIZATION2609	486
ORGANIZATION180	as 	LOCATION221	486
ORGANIZATION180		ORGANIZATION2609	486
LOCATION221		ORGANIZATION2609	486
ORGANIZATION2607		LOCATION100	486
ORGANIZATION2607	in 	LOCATION221	486
LOCATION100	in 	LOCATION221	486
ORGANIZATION2610	known as 	ORGANIZATION369	487
ORGANIZATION2610		LOCATION229	487
ORGANIZATION2610	in 	LOCATION222	487
ORGANIZATION369	known 	LOCATION229	487
ORGANIZATION369	known in 	LOCATION222	487
LOCATION229	in 	LOCATION222	487
ORGANIZATION2611		ORGANIZATION2612	488
ORGANIZATION2611	referred to 	ORGANIZATION288	488
ORGANIZATION1454		LOCATION89	488
ORGANIZATION1454	in 	LOCATION90	488
LOCATION89	in 	LOCATION90	488
ORGANIZATION2621	as 	LOCATION267	490
ORGANIZATION2621	of 	LOCATION267	490
LOCATION267	ORGANIZATION2621 of 	LOCATION267	490
ORGANIZATION2621		LOCATION267	490
ORGANIZATION2621	in 	LOCATION260	490
LOCATION267	in 	LOCATION260	490
ORGANIZATION2630	referred to 	ORGANIZATION71	491
ORGANIZATION2630	referred 	ORGANIZATION674	491
ORGANIZATION2630	referred 	LOCATION715	491
ORGANIZATION2630	referred in 	LOCATION704	491
ORGANIZATION71	referred 	ORGANIZATION674	491
ORGANIZATION71	referred 	LOCATION715	491
ORGANIZATION71	referred in 	LOCATION704	491
ORGANIZATION674		LOCATION715	491
ORGANIZATION674	in 	LOCATION704	491
LOCATION715	in 	LOCATION704	491
PERSON2633	born 	LOCATION2634	492
PERSON2633	born 	LOCATION2635	492
PERSON2633	born in 	LOCATION863	492
LOCATION2634		LOCATION2635	492
LOCATION2634	in 	LOCATION863	492
LOCATION2635	in 	LOCATION863	492
PERSON2633		LOCATION100	492
PERSON2633	plays for 	ORGANIZATION1498	492
LOCATION100	plays for 	ORGANIZATION1498	492
PERSON2642	called 	PERSON2626	494
PERSON2642	called 	ORGANIZATION401	494
PERSON2626		ORGANIZATION401	494
PERSON2642	for 	PERSON2644	494
LOCATION1410		LOCATION267	494
LOCATION1410		LOCATION260	494
LOCATION1410	owned by 	PERSON2643	494
LOCATION267		LOCATION260	494
LOCATION267	owned by 	PERSON2643	494
LOCATION260	owned by 	PERSON2643	494
PERSON2649	born in 	LOCATION104	496
PERSON2649	plays for 	LOCATION104	496
PERSON2649	plays from 	ORGANIZATION71	496
LOCATION104	plays from 	ORGANIZATION71	496
PERSON2654	born 	LOCATION2655	497
PERSON2654	born in 	LOCATION537	497
LOCATION2655	in 	LOCATION537	497
PERSON2654	plays for 	ORGANIZATION2656	497
ORGANIZATION1515	referred to 	ORGANIZATION551	498
ORGANIZATION1515		LOCATION752	498
ORGANIZATION1515	from 	LOCATION105	498
ORGANIZATION551	referred 	LOCATION752	498
ORGANIZATION551	referred from 	LOCATION105	498
LOCATION752	from 	LOCATION105	498
ORGANIZATION2666	referred to 	ORGANIZATION860	499
ORGANIZATION2666	referred 	LOCATION715	499
ORGANIZATION860	referred 	LOCATION715	499
ORGANIZATION2666	referred to 	ORGANIZATION860	499
ORGANIZATION2666	referred 	LOCATION715	499
ORGANIZATION860	referred 	LOCATION715	499
LOCATION715	based 	LOCATION715	499
LOCATION715	based in 	LOCATION704	499
LOCATION715	in 	LOCATION704	499
LOCATION715	founded by 	PERSON2667	499
LOCATION715	founded 	PERSON2668	499
PERSON2667		PERSON2668	499
PERSON2669	plays for 	ORGANIZATION47	500
PERSON2670	for 	LOCATION1825	501
PERSON2680	born in 	LOCATION627	503
PERSON2690	plays for 	PERSON2691	506
PERSON2699	plays for 	ORGANIZATION327	507
PERSON2707	born 	LOCATION1060	508
PERSON2707	born in 	LOCATION42	508
LOCATION1060	in 	LOCATION42	508
PERSON2724		LOCATION100	510
PERSON2724	plays for 	ORGANIZATION1628	510
LOCATION100	plays for 	ORGANIZATION1628	510
PERSON2725	plays 	ORGANIZATION61	511
PERSON2725	plays from 	ORGANIZATION374	511
ORGANIZATION61	from 	ORGANIZATION374	511
PERSON2726	plays for 	ORGANIZATION2727	512
PERSON2726	plays from 	LOCATION1220	512
ORGANIZATION2727	plays from 	LOCATION1220	512
PERSON2730	plays for 	PERSON2731	515
PERSON2738	simply 	PERSON2739	516
PERSON2738	simply 	LOCATION100	516
PERSON2738	simply plays for 	ORGANIZATION225	516
PERSON2739		LOCATION100	516
PERSON2739	plays for 	ORGANIZATION225	516
LOCATION100	plays for 	ORGANIZATION225	516
PERSON2742	known 	PERSON2743	517
PERSON2742	known 	LOCATION100	517
PERSON2743		LOCATION100	517
PERSON2743	plays for 	ORGANIZATION2744	517
LOCATION100	plays for 	ORGANIZATION2744	517
PERSON2746	known as 	PERSON2747	519
PERSON2746	known 	PERSON2747	519
PERSON2747	plays for 	PERSON198	519
PERSON2748		LOCATION100	520
PERSON2748	plays for 	ORGANIZATION124	520
LOCATION100	plays for 	ORGANIZATION124	520
PERSON2751	born in 	LOCATION1116	521
PERSON2751		LOCATION100	521
PERSON2751	plays for 	ORGANIZATION1174	521
PERSON2751	plays from 	LOCATION1911	521
PERSON2751	plays in 	LOCATION2	521
LOCATION100	plays for 	ORGANIZATION1174	521
LOCATION100	plays from 	LOCATION1911	521
LOCATION100	plays in 	LOCATION2	521
ORGANIZATION1174	plays from 	LOCATION1911	521
ORGANIZATION1174	plays in 	LOCATION2	521
LOCATION1911	in 	LOCATION2	521
LOCATION2757		LOCATION862	522
LOCATION2757		LOCATION863	522
LOCATION2757	near 	LOCATION222	522
LOCATION862		LOCATION863	522
LOCATION862	near 	LOCATION222	522
LOCATION863	near 	LOCATION222	522
PERSON2762	born in 	LOCATION229	523
PERSON2762	simply 	LOCATION100	523
PERSON1181	born in 	LOCATION956	524
PERSON1181	plays for 	ORGANIZATION1515	524
PERSON2769	born in 	LOCATION2770	525
PERSON2769	plays for 	PERSON2771	525
PERSON2775	plays for 	ORGANIZATION67	526
PERSON2776	known 	LOCATION229	527
PERSON2776	known in 	LOCATION222	527
LOCATION229	in 	LOCATION222	527
PERSON2777		LOCATION512	528
PERSON2777	plays for 	ORGANIZATION594	528
PERSON2777	plays from 	ORGANIZATION879	528
LOCATION512	plays for 	ORGANIZATION594	528
LOCATION512	plays from 	ORGANIZATION879	528
ORGANIZATION594	plays from 	ORGANIZATION879	528
PERSON2779	born 1994 	LOCATION301	530
PERSON2779	born 1994 	LOCATION42	530
LOCATION301		LOCATION42	530
PERSON2779	plays 	ORGANIZATION159	530
PERSON2785	born in 	LOCATION2786	531
PERSON2785	plays for 	ORGANIZATION230	531
PERSON2791	plays for 	ORGANIZATION691	532
PERSON2791	plays in 	LOCATION42	532
ORGANIZATION691	in 	LOCATION42	532
PERSON2795		LOCATION100	533
PERSON2795	plays for 	PERSON2192	533
LOCATION100	plays for 	PERSON2192	533
PERSON2796		LOCATION100	534
PERSON2797	plays for 	ORGANIZATION67	535
PERSON2797	plays from 	ORGANIZATION71	535
ORGANIZATION67	plays from 	ORGANIZATION71	535
PERSON2798	plays 	ORGANIZATION2799	536
PERSON2798	plays for 	ORGANIZATION2800	536
ORGANIZATION2799	for 	ORGANIZATION2800	536
PERSON2807	born in 	LOCATION2808	537
PERSON2807		LOCATION2809	537
PERSON2807	plays 	ORGANIZATION2810	537
PERSON2807	plays for 	LOCATION2811	537
LOCATION2809	plays 	ORGANIZATION2810	537
LOCATION2809	plays for 	LOCATION2811	537
ORGANIZATION2810	for 	LOCATION2811	537
ORGANIZATION2155		LOCATION2153	538
ORGANIZATION2155		LOCATION2153	538
LOCATION2153		LOCATION2153	538
PERSON2826	playing for 	ORGANIZATION668	539
PERSON2833	plays for 	ORGANIZATION1521	540
PERSON2839	plays 	ORGANIZATION1104	541
PERSON2839	plays for 	LOCATION760	541
PERSON2839	plays from 	LOCATION392	541
ORGANIZATION1104	for 	LOCATION760	541
ORGANIZATION1104	plays from 	LOCATION392	541
LOCATION760	plays from 	LOCATION392	541
PERSON2850	born 20y in 	LOCATION1428	542
LOCATION1427	playing 	LOCATION9	542
PERSON1958	plays 	ORGANIZATION2794	543
PERSON1958	plays from 	ORGANIZATION288	543
ORGANIZATION2794	from 	ORGANIZATION288	543
PERSON2862	plays 	ORGANIZATION695	544
PERSON2867	plays for 	ORGANIZATION551	545
PERSON2871	plays for 	ORGANIZATION401	546
PERSON2883	with 	ORGANIZATION551	547
PERSON2885	plays for 	ORGANIZATION649	548
PERSON2886		LOCATION100	549
PERSON2886	plays for 	ORGANIZATION225	549
LOCATION100	plays for 	ORGANIZATION225	549
PERSON2887	plays for 	ORGANIZATION47	550
ORGANIZATION453		LOCATION2896	551
ORGANIZATION453		LOCATION693	551
ORGANIZATION453	in 	LOCATION42	551
LOCATION2896		LOCATION693	551
LOCATION2896	in 	LOCATION42	551
LOCATION693	in 	LOCATION42	551
PERSON2898	born 1983 	LOCATION537	552
PERSON2898	born 1983 	LOCATION12	552
LOCATION537		LOCATION12	552
PERSON2898	plays for 	LOCATION785	552
PERSON2904	plays for 	ORGANIZATION374	553
PERSON2907	born 1987 	LOCATION2908	554
PERSON2907	playing for 	LOCATION2909	554
PERSON2914	plays for 	ORGANIZATION876	555
PERSON2917	plays for 	ORGANIZATION2918	556
PERSON2925	born in 	LOCATION2926	557
PERSON2931	plays for 	ORGANIZATION691	558
PERSON2931	plays from 	LOCATION1558	558
PERSON2931	plays in 	LOCATION42	558
ORGANIZATION691	plays from 	LOCATION1558	558
ORGANIZATION691	plays in 	LOCATION42	558
LOCATION1558	in 	LOCATION42	558
PERSON2935		PERSON2936	559
PERSON2935		PERSON2936	559
PERSON2935	plays as 	LOCATION2937	559
PERSON2935	plays 	LOCATION2938	559
PERSON2936	plays as 	LOCATION2937	559
PERSON2936	plays 	LOCATION2938	559
LOCATION2937		LOCATION2938	559
PERSON2941	plays for 	ORGANIZATION63	560
PERSON1041	plays as 	ORGANIZATION135	561
PERSON2952	born in 	LOCATION2953	562
PERSON2959	born 	LOCATION2960	563
PERSON2959	born in 	LOCATION83	563
LOCATION2960	in 	LOCATION83	563
PERSON2959	plays for 	PERSON1568	563
PERSON2962	born in 	LOCATION301	564
PERSON2962	plays for 	LOCATION381	564
PERSON2965	plays for 	PERSON198	565
PERSON2966		LOCATION2967	566
PERSON2966	plays for 	LOCATION1348	566
PERSON2966	plays in 	LOCATION2044	566
LOCATION2967	plays for 	LOCATION1348	566
LOCATION2967	plays in 	LOCATION2044	566
LOCATION1348	plays in 	LOCATION2044	566
PERSON2973	plays 	LOCATION12	567
PERSON2983	born 	LOCATION1845	568
PERSON2983	born in 	ORGANIZATION2984	568
LOCATION1845	in 	ORGANIZATION2984	568
PERSON2983		LOCATION100	568
PERSON2983	plays for 	ORGANIZATION1912	568
LOCATION100	plays for 	ORGANIZATION1912	568
PERSON2988	plays for 	ORGANIZATION2310	569
PERSON2988	plays 's 	LOCATION2309	569
PERSON2988	plays in 	PERSON2989	569
ORGANIZATION2310	's 	LOCATION2309	569
ORGANIZATION2310	in 	PERSON2989	569
LOCATION2309	in 	PERSON2989	569
PERSON2990	1984 in 	LOCATION2245	570
PERSON2990	plays for 	ORGANIZATION67	570
PERSON2990	plays from 	LOCATION2991	570
ORGANIZATION67	plays from 	LOCATION2991	570
PERSON2999	born 	LOCATION3000	571
PERSON2999	born in 	LOCATION2357	571
LOCATION3000	in 	LOCATION2357	571
PERSON2999	plays for 	ORGANIZATION1638	571
PERSON3005	plays for 	LOCATION381	572
PERSON3019	born 	LOCATION3020	573
PERSON3019	born in 	LOCATION24	573
LOCATION3020	in 	LOCATION24	573
PERSON3019		LOCATION100	573
PERSON3019	plays for 	ORGANIZATION1628	573
LOCATION100	plays for 	ORGANIZATION1628	573
PERSON3022	plays for 	PERSON3023	574
PERSON3026	of 	ORGANIZATION2155	575
PERSON3030	plays for 	ORGANIZATION388	576
PERSON3043		PERSON3044	577
PERSON3043	plays for 	ORGANIZATION3045	577
PERSON3043	plays 	LOCATION3046	577
ORGANIZATION3045		LOCATION3046	577
PERSON3057	born 	LOCATION3058	578
PERSON3057	born in 	LOCATION2469	578
LOCATION3058	in 	LOCATION2469	578
PERSON3062	born 	LOCATION3063	579
PERSON3062	plays for 	ORGANIZATION2225	579
PERSON3062	plays 	LOCATION1308	579
ORGANIZATION2225		LOCATION1308	579
PERSON3070	born in 	LOCATION3071	580
PERSON3070	plays for 	ORGANIZATION1347	580
PERSON3076	born in 	LOCATION3077	581
PERSON3076	known 	PERSON3078	581
PERSON3078	plays for 	ORGANIZATION156	581
PERSON2301	born in 	LOCATION3086	582
PERSON2301	plays 	ORGANIZATION716	582
PERSON3097	Welliton born in 	LOCATION3098	583
PERSON3097	do 	LOCATION3099	583
PERSON3097	plays for 	ORGANIZATION556	583
PERSON3106	plays for 	LOCATION811	584
PERSON3106	plays from 	LOCATION94	584
PERSON3106	plays 	LOCATION544	584
LOCATION811	plays from 	LOCATION94	584
LOCATION811	plays 	LOCATION544	584
LOCATION94		LOCATION544	584
PERSON3112	playing for 	ORGANIZATION3113	585
PERSON3119	playing forward 	ORGANIZATION3120	586
PERSON3119	playing as 	ORGANIZATION3121	586
ORGANIZATION3120	forward as 	ORGANIZATION3121	586
PERSON3130	plays for 	ORGANIZATION3131	588
PERSON3141	1994 in 	LOCATION627	589
PERSON3141	known 	PERSON3142	589
PERSON3142	plays for 	ORGANIZATION375	589
PERSON3144	born 	LOCATION2675	590
PERSON3144	born 	LOCATION2153	590
PERSON3144	born in 	LOCATION1492	590
LOCATION2675		LOCATION2153	590
LOCATION2675	in 	LOCATION1492	590
LOCATION2153	in 	LOCATION1492	590
PERSON3144	of 	ORGANIZATION2155	590
PERSON3147	born 	LOCATION3148	591
PERSON3147	born in 	LOCATION3149	591
LOCATION3148	in 	LOCATION3149	591
PERSON3150	born 	LOCATION3151	592
PERSON3150	born 	PERSON3152	592
PERSON3150	born in 	LOCATION126	592
LOCATION3151		PERSON3152	592
LOCATION3151	in 	LOCATION126	592
PERSON3152	in 	LOCATION126	592
PERSON3150		LOCATION100	592
PERSON3156	born in 	LOCATION3157	593
PERSON3156	plays for 	LOCATION922	593
PERSON3156	plays from 	ORGANIZATION63	593
LOCATION922	plays from 	ORGANIZATION63	593
PERSON3161	born 	LOCATION3162	594
PERSON3161	born in 	LOCATION686	594
LOCATION3162	in 	LOCATION686	594
LOCATION166	's 	LOCATION42	594
LOCATION166		PERSON3163	594
LOCATION42		PERSON3163	594
PERSON3165	plays for 	PERSON302	595
LOCATION3169	known 	LOCATION2581	596
LOCATION3169	known 	LOCATION100	596
LOCATION2581		LOCATION100	596
LOCATION2581	plays for 	ORGANIZATION865	596
LOCATION100	plays for 	ORGANIZATION865	596
PERSON3171	plays for 	ORGANIZATION2236	598
PERSON3171	plays in 	ORGANIZATION735	598
ORGANIZATION2236	in 	ORGANIZATION735	598
PERSON3178	1987 in 	LOCATION715	599
PERSON3178	plays 	ORGANIZATION48	599
PERSON3182	plays for 	ORGANIZATION3183	600
PERSON3192	born in 	LOCATION3193	601
PERSON3192	simply plays for 	ORGANIZATION865	601
PERSON3192	simply plays in 	LOCATION222	601
ORGANIZATION865	in 	LOCATION222	601
PERSON3197		LOCATION100	602
PERSON3197	plays for 	ORGANIZATION3198	602
PERSON3197	plays in 	LOCATION484	602
LOCATION100	plays for 	ORGANIZATION3198	602
LOCATION100	plays in 	LOCATION484	602
ORGANIZATION3198	in 	LOCATION484	602
PERSON3202	born in 	LOCATION3203	603
PERSON3202	plays for 	ORGANIZATION3204	603
PERSON3211	born in 	LOCATION537	604
LOCATION68	in 	PERSON3212	604
LOCATION68	began of 	ORGANIZATION2411	604
PERSON3212	began of 	ORGANIZATION2411	604
PERSON3214	plays for 	LOCATION68	605
PERSON3214	plays from 	ORGANIZATION3207	605
LOCATION68	plays from 	ORGANIZATION3207	605
PERSON3216	plays for 	ORGANIZATION3217	607
PERSON3219		LOCATION617	608
PERSON3219	in 	LOCATION222	608
LOCATION617	in 	LOCATION222	608
PERSON3221		LOCATION99	609
PERSON3221	in 	LOCATION222	609
LOCATION99	in 	LOCATION222	609
PERSON3222		LOCATION1137	610
PERSON3222	in 	LOCATION222	610
LOCATION1137	in 	LOCATION222	610
ORGANIZATION3227	in 	LOCATION222	611
LOCATION531		LOCATION309	612
LOCATION531	in 	LOCATION222	612
LOCATION309	in 	LOCATION222	612
PERSON3236		LOCATION100	613
PERSON3236	plays for 	LOCATION3237	613
LOCATION100	plays for 	LOCATION3237	613
ORGANIZATION3238	located Spanish in 	LOCATION611	614
ORGANIZATION3238	located 	LOCATION99	614
ORGANIZATION3238	located in 	LOCATION222	614
LOCATION611	Spanish located 	LOCATION99	614
LOCATION611	Spanish located in 	LOCATION222	614
LOCATION99	in 	LOCATION222	614
PERSON3246	known 	PERSON3247	615
PERSON3250	plays for 	ORGANIZATION506	616
PERSON3253	known 	PERSON3254	618
PERSON3253	known 	ORGANIZATION288	618
PERSON3254	plays for 	LOCATION104	618
PERSON3254	known 	ORGANIZATION288	618
PERSON3255	known 	PERSON3256	619
PERSON3256	plays for 	ORGANIZATION388	619
PERSON3257	born in 	LOCATION3258	620
PERSON3257	plays for 	ORGANIZATION214	620
PERSON3262	is from 	LOCATION1220	621
PERSON3269	plays for 	ORGANIZATION1663	622
PERSON3274	born 	LOCATION3275	623
PERSON3274	born 	LOCATION1323	623
LOCATION3275		LOCATION1323	623
PERSON3280	playing for 	PERSON753	624
PERSON3299	playing for 	ORGANIZATION1892	627
PERSON3302		PERSON3303	628
PERSON3302	PERSON3303 born in 	LOCATION3304	628
PERSON3303	born in 	LOCATION3304	628
PERSON3302		PERSON3303	628
PERSON3307	plays for 	ORGANIZATION691	629
PERSON3314	born in 	LOCATION3315	630
PERSON3314	plays for 	ORGANIZATION1651	630
PERSON3321	born 	LOCATION3322	631
PERSON3321	born 	LOCATION532	631
PERSON3321	born in 	LOCATION309	631
LOCATION3322		LOCATION532	631
LOCATION3322	in 	LOCATION309	631
LOCATION532	in 	LOCATION309	631
PERSON3321		LOCATION100	631
PERSON3321	plays for 	ORGANIZATION180	631
LOCATION100	plays for 	ORGANIZATION180	631
ORGANIZATION3327		LOCATION100	632
ORGANIZATION3327	in 	LOCATION3328	632
ORGANIZATION3327	of 	LOCATION126	632
LOCATION100	in 	LOCATION3328	632
LOCATION100	of 	LOCATION126	632
LOCATION3328	of 	LOCATION126	632
PERSON3335	born in 	LOCATION229	633
PERSON3335		LOCATION100	633
PERSON3335	plays 	LOCATION29	633
PERSON3335	plays in 	LOCATION2	633
LOCATION100	plays 	LOCATION29	633
LOCATION100	plays in 	LOCATION2	633
LOCATION29	in 	LOCATION2	633
PERSON3341	plays 	ORGANIZATION184	634
PERSON3341	plays for 	ORGANIZATION204	634
PERSON3341	plays 	LOCATION2044	634
ORGANIZATION184	for 	ORGANIZATION204	634
ORGANIZATION184		LOCATION2044	634
ORGANIZATION204		LOCATION2044	634
ORGANIZATION3349	referred to 	PERSON1969	635
ORGANIZATION3349		LOCATION100	635
ORGANIZATION3349		LOCATION1732	635
ORGANIZATION3349	in 	LOCATION1116	635
ORGANIZATION3349	playing in 	LOCATION226	635
PERSON1969	referred 	LOCATION100	635
PERSON1969	referred 	LOCATION1732	635
PERSON1969	referred in 	LOCATION1116	635
LOCATION100		LOCATION1732	635
LOCATION100	in 	LOCATION1116	635
LOCATION100	playing in 	LOCATION226	635
LOCATION1732	in 	LOCATION1116	635
LOCATION1732	playing in 	LOCATION226	635
LOCATION1116	playing in 	LOCATION226	635
PERSON3360	born 	LOCATION3361	637
PERSON3360	born 	LOCATION1845	637
PERSON3360	born in 	ORGANIZATION2984	637
LOCATION3361		LOCATION1845	637
LOCATION3361	in 	ORGANIZATION2984	637
LOCATION1845	in 	ORGANIZATION2984	637
PERSON3360		LOCATION100	637
PERSON3362	plays for 	ORGANIZATION124	638
PERSON3369		LOCATION100	639
PERSON3369	plays for 	ORGANIZATION3370	639
LOCATION100	plays for 	ORGANIZATION3370	639
PERSON3377	born 	LOCATION2153	640
PERSON3377	plays 	ORGANIZATION3378	640
PERSON3379	born 	LOCATION55	641
PERSON3379	plays for 	ORGANIZATION3380	641
PERSON3381	born in 	LOCATION3382	642
PERSON3381	playing for 	ORGANIZATION3383	642
PERSON3381	playing 	ORGANIZATION3384	642
ORGANIZATION3383		ORGANIZATION3384	642
PERSON3388		PERSON3389	644
PERSON3388	simply 	PERSON3389	644
PERSON3388	simply 	LOCATION100	644
PERSON3388	simply plays in 	LOCATION2	644
PERSON3389		LOCATION100	644
PERSON3389	plays in 	LOCATION2	644
LOCATION100	plays in 	LOCATION2	644
PERSON3396	born 	LOCATION3397	645
PERSON3396	born in 	LOCATION537	645
LOCATION3397	in 	LOCATION537	645
PERSON3396	plays for 	ORGANIZATION3398	645
PERSON3396	plays in 	LOCATION222	645
ORGANIZATION3398	in 	LOCATION222	645
PERSON3402	plays from 	LOCATION3403	646
PERSON3409	born in 	LOCATION3410	648
PERSON3409	known 	PERSON3411	648
PERSON3411	plays for 	ORGANIZATION3207	648
PERSON3416	born in 	LOCATION3417	649
PERSON3416	playing for 	ORGANIZATION3418	649
PERSON3424	plays for 	ORGANIZATION2866	650
PERSON3425	born in 	LOCATION229	651
PERSON3425		LOCATION100	651
PERSON3425	plays for 	ORGANIZATION1174	651
LOCATION100	plays for 	ORGANIZATION1174	651
PERSON3428	plays for 	ORGANIZATION3429	652
PERSON3430	born 	LOCATION99	653
PERSON3430	born in 	LOCATION177	653
LOCATION99	in 	LOCATION177	653
PERSON3430		LOCATION100	653
PERSON3430	plays for 	ORGANIZATION583	653
LOCATION100	plays for 	ORGANIZATION583	653
PERSON3436	of 	PERSON198	654
PERSON3436	plays for 	ORGANIZATION1026	654
PERSON198	plays for 	ORGANIZATION1026	654
PERSON3437	born 1987 	LOCATION3438	655
PERSON3437	born 1987 	ORGANIZATION3439	655
LOCATION3438		ORGANIZATION3439	655
PERSON3442	plays 	ORGANIZATION549	656
PERSON3443	plays for 	ORGANIZATION47	657
PERSON3444		LOCATION89	658
PERSON3444	of 	LOCATION42	658
PERSON3444	of 	ORGANIZATION447	658
LOCATION89	of 	LOCATION42	658
LOCATION89	of 	ORGANIZATION447	658
LOCATION42	of 	ORGANIZATION447	658
PERSON3458	playing with 	ORGANIZATION1521	660
PERSON3471		PERSON3472	661
PERSON3471	plays for 	PERSON130	661
PERSON3472	plays for 	PERSON130	661
PERSON3473		LOCATION3474	662
PERSON3473	plays for 	LOCATION3475	662
LOCATION3474	plays for 	LOCATION3475	662
PERSON3477	born in 	LOCATION3478	663
PERSON3477	plays for 	ORGANIZATION3479	663
PERSON3484		LOCATION512	665
PERSON3484	plays for 	ORGANIZATION3485	665
PERSON3484	plays from 	ORGANIZATION678	665
LOCATION512	plays for 	ORGANIZATION3485	665
LOCATION512	plays from 	ORGANIZATION678	665
ORGANIZATION3485	plays from 	ORGANIZATION678	665
PERSON3486	plays for 	PERSON645	666
PERSON3487	plays for 	ORGANIZATION67	667
PERSON3487	plays from 	LOCATION385	667
ORGANIZATION67	plays from 	LOCATION385	667
PERSON3490	plays for 	ORGANIZATION374	668
PERSON3492	born 	LOCATION3493	669
PERSON3492	born in 	LOCATION843	669
LOCATION3493	in 	LOCATION843	669
PERSON3492		LOCATION100	669
PERSON3492	plays for 	ORGANIZATION3494	669
PERSON3492	plays in 	LOCATION64	669
LOCATION100	plays for 	ORGANIZATION3494	669
LOCATION100	plays in 	LOCATION64	669
ORGANIZATION3494	in 	LOCATION64	669
PERSON3498	plays for 	LOCATION57	670
PERSON3498	plays from 	ORGANIZATION63	670
LOCATION57	plays from 	ORGANIZATION63	670
ORGANIZATION3329		LOCATION3328	673
ORGANIZATION3329	in 	LOCATION222	673
LOCATION3328	in 	LOCATION222	673
PERSON3513	plays for 	ORGANIZATION708	675
PERSON3514	plays for 	ORGANIZATION1502	676
PERSON3531	plays in 	LOCATION120	681
PERSON3531	plays for 	ORGANIZATION3532	681
LOCATION120	for 	ORGANIZATION3532	681
PERSON3540	born 1987 	LOCATION3541	686
PERSON3540	plays for 	ORGANIZATION1933	686
PERSON3550	simply 	PERSON3551	687
PERSON3550	simply 	LOCATION100	687
PERSON3550	simply plays 	LOCATION1675	687
PERSON3551		LOCATION100	687
PERSON3551	plays 	LOCATION1675	687
LOCATION100	plays 	LOCATION1675	687
PERSON3558	born 	LOCATION2304	688
PERSON3558	born in 	LOCATION2309	688
LOCATION2304	in 	LOCATION2309	688
PERSON3569	born in 	LOCATION3570	689
PERSON3573	plays for 	ORGANIZATION388	690
PERSON3573	plays from 	LOCATION544	690
ORGANIZATION388	plays from 	LOCATION544	690
PERSON3584	plays for 	ORGANIZATION375	692
PERSON3590	born 1986 	LOCATION3591	694
PERSON3599	plays for 	ORGANIZATION709	696
ORGANIZATION3603		ORGANIZATION3604	697
ORGANIZATION3603		LOCATION862	697
ORGANIZATION3603	in 	LOCATION222	697
LOCATION862	in 	LOCATION222	697
PERSON3611	plays for 	ORGANIZATION3189	698
PERSON3612		PERSON50	699
PERSON3612	PERSON50 born 	LOCATION1732	699
PERSON3612	PERSON50 born 	LOCATION2110	699
PERSON3612	PERSON50 born in 	LOCATION1116	699
PERSON50	born 	LOCATION1732	699
PERSON50	born 	LOCATION2110	699
PERSON50	born in 	LOCATION1116	699
LOCATION1732		LOCATION2110	699
LOCATION1732	in 	LOCATION1116	699
LOCATION2110	in 	LOCATION1116	699
PERSON3612		PERSON50	699
PERSON3612		LOCATION100	699
PERSON50		LOCATION100	699
PERSON3614	born in 	LOCATION3615	700
PERSON1093	plays for 	ORGANIZATION103	701
PERSON3626	known 	PERSON3627	702
PERSON3626	known 	LOCATION100	702
PERSON3627		LOCATION100	702
PERSON3627	plays for 	ORGANIZATION1498	702
LOCATION100	plays for 	ORGANIZATION1498	702
PERSON3629	born 	LOCATION3630	703
PERSON3629	born 	PERSON3631	703
PERSON3629	born in 	ORGANIZATION192	703
LOCATION3630		PERSON3631	703
LOCATION3630	in 	ORGANIZATION192	703
PERSON3631	in 	ORGANIZATION192	703
PERSON3629		LOCATION100	703
PERSON3629	plays for 	ORGANIZATION180	703
LOCATION100	plays for 	ORGANIZATION180	703
PERSON3639	plays for 	ORGANIZATION502	704
PERSON3641	plays 	ORGANIZATION551	705
PERSON3647	plays for 	LOCATION381	706
PERSON3647	plays from 	LOCATION1443	706
LOCATION381	plays from 	LOCATION1443	706
LOCATION152	back from 	LOCATION715	707
PERSON3653	born in 	LOCATION149	708
PERSON3653	plays 	ORGANIZATION214	708
ORGANIZATION3656		LOCATION3657	709
ORGANIZATION3656	in 	LOCATION42	709
LOCATION3657	in 	LOCATION42	709
PERSON3663	born 1987 	LOCATION3664	710
PERSON3663	plays for 	ORGANIZATION1270	710
LOCATION3668		LOCATION656	711
LOCATION3668	in 	LOCATION222	711
LOCATION656	in 	LOCATION222	711
ORGANIZATION2021		LOCATION2019	712
ORGANIZATION2021	in 	LOCATION222	712
LOCATION2019	in 	LOCATION222	712
PERSON3672	known as 	PERSON3673	713
PERSON3672	plays for 	ORGANIZATION876	713
PERSON3672	plays 	LOCATION83	713
ORGANIZATION876		LOCATION83	713
LOCATION1366		LOCATION863	714
LOCATION1366	in 	LOCATION222	714
LOCATION863	in 	LOCATION222	714
PERSON3675		LOCATION3676	715
PERSON3675	of 	LOCATION3677	715
LOCATION3676	of 	LOCATION3677	715
PERSON3675	in 	LOCATION221	715
PERSON3675	of 	ORGANIZATION225	715
LOCATION221	of 	ORGANIZATION225	715
PERSON3678	born 	LOCATION3679	716
PERSON3678	born in 	LOCATION1133	716
LOCATION3679	in 	LOCATION1133	716
PERSON3678		LOCATION3680	716
PERSON3678	plays for 	ORGANIZATION3681	716
LOCATION3680	plays for 	ORGANIZATION3681	716
PERSON3689	born 	LOCATION1676	717
PERSON3689	born in 	LOCATION3690	717
LOCATION1676	in 	LOCATION3690	717
PERSON3689		LOCATION512	717
PERSON3689	plays for 	ORGANIZATION594	717
PERSON3689	plays 	ORGANIZATION1747	717
PERSON3689	plays from 	LOCATION1675	717
LOCATION512	plays for 	ORGANIZATION594	717
LOCATION512	plays 	ORGANIZATION1747	717
LOCATION512	plays from 	LOCATION1675	717
ORGANIZATION594	plays 	ORGANIZATION1747	717
ORGANIZATION594	plays from 	LOCATION1675	717
ORGANIZATION1747	from 	LOCATION1675	717
PERSON3695	born 	LOCATION3696	718
PERSON3695	born in 	LOCATION55	718
LOCATION3696	in 	LOCATION55	718
PERSON3695		LOCATION512	718
PERSON3695	plays for 	ORGANIZATION1174	718
PERSON3695	plays from 	ORGANIZATION1677	718
LOCATION512	plays for 	ORGANIZATION1174	718
LOCATION512	plays from 	ORGANIZATION1677	718
ORGANIZATION1174	plays from 	ORGANIZATION1677	718
PERSON2859	plays for 	LOCATION166	719
PERSON3702	born in 	LOCATION3703	720
PERSON3702	plays for 	ORGANIZATION135	720
PERSON3710	born in 	LOCATION537	721
PERSON3710	plays for 	ORGANIZATION549	721
PERSON3714	plays for 	ORGANIZATION63	722
PERSON3722	born 	LOCATION3723	723
PERSON3722	born of 	LOCATION89	723
LOCATION3723	of 	LOCATION89	723
PERSON3727	born 1985 	LOCATION703	724
PERSON3181	born in 	LOCATION752	725
PERSON3181	plays 	ORGANIZATION549	725
PERSON3181	plays with 	ORGANIZATION71	725
ORGANIZATION549	with 	ORGANIZATION71	725
PERSON3730	born 	LOCATION3731	726
PERSON3730	born of 	LOCATION261	726
LOCATION3731	of 	LOCATION261	726
PERSON3734		PERSON3735	727
PERSON3734	born 	LOCATION3736	727
PERSON3734	born of 	LOCATION3737	727
PERSON3735	born 	LOCATION3736	727
PERSON3735	born of 	LOCATION3737	727
LOCATION3736	of 	LOCATION3737	727
PERSON3734		LOCATION1335	727
LOCATION381	in 	PERSON3744	728
LOCATION381	started at 	LOCATION1533	728
PERSON3744	started at 	LOCATION1533	728
LOCATION2035	participated with 	ORGANIZATION716	728
PERSON3745	known 	LOCATION100	729
LOCATION100	plays for 	PERSON130	729
PERSON3746		PERSON3747	730
PERSON3746		PERSON3747	730
PERSON3746	plays in 	LOCATION2	730
PERSON3747	plays in 	LOCATION2	730
PERSON3751	2005-2011 known 	PERSON3752	731
PERSON3751	2005-2011 known as 	LOCATION3753	731
PERSON3752	as 	LOCATION3753	731
PERSON3751		LOCATION442	731
PERSON3751		LOCATION443	731
PERSON3751	in 	LOCATION222	731
LOCATION442		LOCATION443	731
LOCATION442	in 	LOCATION222	731
LOCATION443	in 	LOCATION222	731
PERSON3760	known 	LOCATION377	732
PERSON3760	known 	LOCATION715	732
PERSON3760	known in 	LOCATION42	732
LOCATION377		LOCATION715	732
LOCATION377	in 	LOCATION42	732
LOCATION715	in 	LOCATION42	732
PERSON3762	plays for 	LOCATION3763	733
PERSON3769	born 	LOCATION3770	734
PERSON3769	plays 	ORGANIZATION263	734
PERSON3773	born 	LOCATION3774	735
PERSON3773	born 	LOCATION3775	735
PERSON3773	born in 	LOCATION1999	735
LOCATION3774		LOCATION3775	735
LOCATION3774	in 	LOCATION1999	735
LOCATION3775	in 	LOCATION1999	735
PERSON3773		LOCATION100	735
PERSON3773	plays for 	ORGANIZATION1498	735
LOCATION100	plays for 	ORGANIZATION1498	735
PERSON3778	born in 	LOCATION537	736
PERSON3778	plays for 	ORGANIZATION497	736
PERSON3788	known 	PERSON1833	738
PERSON1833	born in 	LOCATION3789	738
PERSON3788	known 	PERSON1833	738
PERSON1833	plays 	LOCATION9	738
ORGANIZATION58		LOCATION74	739
ORGANIZATION58	in 	PERSON3791	739
LOCATION74	in 	PERSON3791	739
PERSON3815	born in 	LOCATION3816	742
PERSON3815	plays for 	ORGANIZATION3817	742
PERSON3819	plays for 	ORGANIZATION180	743
PERSON3819	plays in 	LOCATION2	743
ORGANIZATION180	in 	LOCATION2	743
PERSON3822	born in 	LOCATION3823	744
PERSON3822	plays for 	LOCATION3824	744
PERSON3830	born 1983 	LOCATION3831	745
PERSON3830	born 1983 	LOCATION1060	745
LOCATION3831		LOCATION1060	745
PERSON3830	playing 	ORGANIZATION388	745
PERSON3833	plays for 	ORGANIZATION263	746
ORGANIZATION263	co-owned with 	ORGANIZATION71	746
PERSON3842		PERSON3843	747
PERSON3842		LOCATION100	747
PERSON3842	plays from 	ORGANIZATION375	747
PERSON3843		LOCATION100	747
PERSON3843	plays from 	ORGANIZATION375	747
LOCATION100	plays from 	ORGANIZATION375	747
PERSON3845	plays 	ORGANIZATION541	749
PERSON3845	plays for 	LOCATION533	749
ORGANIZATION541	for 	LOCATION533	749
PERSON3856	born 1986 	ORGANIZATION2874	750
PERSON3856	plays for 	ORGANIZATION61	750
PERSON3856	plays from 	LOCATION172	750
ORGANIZATION61	plays from 	LOCATION172	750
PERSON3857	born in 	LOCATION3858	751
PERSON3857	plays for 	ORGANIZATION3859	751
PERSON3857	plays in 	ORGANIZATION735	751
ORGANIZATION3859	in 	ORGANIZATION735	751
PERSON3865	plays for 	ORGANIZATION879	752
PERSON3870	born in 	LOCATION3871	753
PERSON3870	plays for 	ORGANIZATION214	753
PERSON3876	plays for 	ORGANIZATION47	754
PERSON3894	plays in 	ORGANIZATION3895	757
PERSON3894	plays 	LOCATION3896	757
ORGANIZATION3895		LOCATION3896	757
PERSON3907	known 	PERSON3908	758
PERSON3908	plays for 	ORGANIZATION708	758
PERSON3914	born in 	LOCATION3915	759
PERSON3914	plays for 	LOCATION60	759
PERSON3914	plays in 	LOCATION42	759
PERSON3914	plays from 	ORGANIZATION263	759
PERSON3914	plays in 	LOCATION42	759
LOCATION60	in 	LOCATION42	759
LOCATION60	from 	ORGANIZATION263	759
LOCATION60	plays in 	LOCATION42	759
LOCATION42	from 	ORGANIZATION263	759
LOCATION42	plays in 	LOCATION42	759
ORGANIZATION263	plays in 	LOCATION42	759
PERSON3921	plays for 	ORGANIZATION263	760
PERSON3921	plays from 	ORGANIZATION71	760
ORGANIZATION263	from 	ORGANIZATION71	760
PERSON3923		LOCATION100	761
PERSON3923	plays for 	ORGANIZATION3924	761
LOCATION100	plays for 	ORGANIZATION3924	761
PERSON3931	born in 	LOCATION257	762
PERSON3931	plays for 	LOCATION172	762
PERSON3934	born 	LOCATION23	763
PERSON3934	born in 	LOCATION24	763
LOCATION23	in 	LOCATION24	763
PERSON3934		PERSON3935	763
PERSON3934		LOCATION100	763
PERSON3934	plays for 	PERSON130	763
PERSON3935		LOCATION100	763
PERSON3935	plays for 	PERSON130	763
LOCATION100	plays for 	PERSON130	763
PERSON3938		LOCATION100	764
PERSON3938	plays from 	ORGANIZATION28	764
LOCATION100	plays from 	ORGANIZATION28	764
PERSON3943	plays for 	ORGANIZATION58	765
PERSON3944	born in 	LOCATION3945	766
PERSON3944	plays 	ORGANIZATION541	766
PERSON3944	plays for 	ORGANIZATION180	766
PERSON3944	plays in 	LOCATION222	766
ORGANIZATION541	for 	ORGANIZATION180	766
ORGANIZATION541	in 	LOCATION222	766
ORGANIZATION180	in 	LOCATION222	766
PERSON3313	plays 	ORGANIZATION288	767
PERSON3956	plays for 	ORGANIZATION3957	769
PERSON3956	plays in 	LOCATION222	769
PERSON3956	plays from 	LOCATION774	769
ORGANIZATION3957	in 	LOCATION222	769
ORGANIZATION3957	plays from 	LOCATION774	769
LOCATION222	plays from 	LOCATION774	769
PERSON3958	born 	LOCATION3959	770
PERSON3958	born in 	LOCATION3960	770
LOCATION3959	in 	LOCATION3960	770
PERSON3958	plays for 	ORGANIZATION1	770
PERSON3958	plays in 	LOCATION222	770
ORGANIZATION1	in 	LOCATION222	770
PERSON3970	plays for 	LOCATION68	771
PERSON3972	born 	LOCATION3973	772
PERSON3972	born in 	LOCATION537	772
LOCATION3973	in 	LOCATION537	772
PERSON3981	born 	LOCATION3982	773
PERSON3981	born in 	LOCATION1492	773
LOCATION3982	in 	LOCATION1492	773
PERSON3981	plays for 	ORGANIZATION524	773
PERSON3994	plays for 	ORGANIZATION1001	774
PERSON4004	plays 	ORGANIZATION71	775
PERSON3010	plays for 	ORGANIZATION388	776
PERSON3010	plays from 	LOCATION715	776
ORGANIZATION388	plays from 	LOCATION715	776
PERSON3449	plays 	ORGANIZATION288	777
PERSON4022	born in 	LOCATION282	778
PERSON4022	plays for 	ORGANIZATION1498	778
PERSON4038		LOCATION512	780
PERSON4038	plays 	LOCATION1675	780
LOCATION512	plays 	LOCATION1675	780
PERSON4039	plays 	LOCATION611	781
PERSON4039	plays from 	PERSON528	781
LOCATION611	plays from 	PERSON528	781
PERSON4040		LOCATION100	782
PERSON4040	plays for 	ORGANIZATION867	782
LOCATION100	plays for 	ORGANIZATION867	782
PERSON4041	born 	LOCATION4042	783
PERSON4041	born in 	LOCATION42	783
LOCATION4042	in 	LOCATION42	783
PERSON4041	plays for 	ORGANIZATION549	783
PERSON4047	born in 	LOCATION4048	784
PERSON4047	plays for 	ORGANIZATION288	784
PERSON4047	plays from 	PERSON4049	784
ORGANIZATION288	plays from 	PERSON4049	784
PERSON4057		LOCATION512	785
PERSON4063		LOCATION512	786
PERSON4063	plays for 	ORGANIZATION187	786
PERSON4063	plays in 	ORGANIZATION184	786
LOCATION512	plays for 	ORGANIZATION187	786
LOCATION512	plays in 	ORGANIZATION184	786
ORGANIZATION187	plays in 	ORGANIZATION184	786
PERSON4069	born 	LOCATION1732	787
PERSON4069	born 	LOCATION2110	787
PERSON4069	born in 	LOCATION1116	787
LOCATION1732		LOCATION2110	787
LOCATION1732	in 	LOCATION1116	787
LOCATION2110	in 	LOCATION1116	787
PERSON4069	simply 	PERSON4070	787
PERSON4069	simply 	LOCATION100	787
PERSON4069	simply plays for 	PERSON748	787
PERSON4070		LOCATION100	787
PERSON4070	plays for 	PERSON748	787
LOCATION100	plays for 	PERSON748	787
PERSON4072	plays for 	ORGANIZATION61	788
PERSON4081	plays for 	ORGANIZATION401	789
PERSON4086	plays for 	ORGANIZATION67	790
PERSON4090	born 	LOCATION3789	791
PERSON4090	born in 	LOCATION886	791
LOCATION3789	in 	LOCATION886	791
PERSON4090	simply plays for 	ORGANIZATION887	791
PERSON4102	born in 	LOCATION229	792
PERSON4102	known 	PERSON4103	792
PERSON4102	known 	LOCATION100	792
PERSON4103		LOCATION100	792
PERSON4103	plays for 	ORGANIZATION28	792
LOCATION100	plays for 	ORGANIZATION28	792
PERSON4107	1980 	LOCATION4108	793
PERSON4107	1980 in 	LOCATION42	793
LOCATION4108	in 	LOCATION42	793
PERSON4107	playing for 	LOCATION381	793
PERSON4109	plays 	ORGANIZATION44	794
PERSON4110	plays for 	ORGANIZATION263	795
PERSON4118	born 1989 	PERSON1568	796
PERSON4118	born 1989 	LOCATION873	796
PERSON1568		LOCATION873	796
PERSON4118	known as 	PERSON4119	796
PERSON4118	plays for 	ORGANIZATION4120	796
PERSON4121	born 1987 	PERSON792	797
PERSON4121	of 	LOCATION381	797
PERSON4123	born 1983 	LOCATION4124	798
PERSON4123	born 1983 	LOCATION4125	798
LOCATION4124		LOCATION4125	798
PERSON4123	plays for 	ORGANIZATION1431	798
PERSON4123	plays in 	ORGANIZATION735	798
ORGANIZATION1431	in 	ORGANIZATION735	798
PERSON4129		LOCATION2967	799
PERSON4129	playing for 	LOCATION4130	799
LOCATION2967	playing for 	LOCATION4130	799
PERSON4131	born 1984 	LOCATION149	800
PERSON4131	plays for 	LOCATION785	800
PERSON4135	1987 in 	LOCATION4136	801
PERSON4143	plays for 	LOCATION548	802
PERSON4143	plays from 	ORGANIZATION716	802
LOCATION548	plays from 	ORGANIZATION716	802
PERSON2848	plays for 	ORGANIZATION1225	803
PERSON2848	plays from 	LOCATION166	803
ORGANIZATION1225	plays from 	LOCATION166	803
PERSON4149	born in 	LOCATION4150	804
PERSON4161	born in 	LOCATION229	805
PERSON4161	simply 	PERSON4162	805
PERSON4161	simply 	LOCATION100	805
PERSON4161	simply plays for 	ORGANIZATION1174	805
PERSON4161	simply plays in 	LOCATION363	805
PERSON4162		LOCATION100	805
PERSON4162	plays for 	ORGANIZATION1174	805
PERSON4162	plays in 	LOCATION363	805
LOCATION100	plays for 	ORGANIZATION1174	805
LOCATION100	plays in 	LOCATION363	805
ORGANIZATION1174	in 	LOCATION363	805
PERSON4163		LOCATION100	806
PERSON4163	plays from 	PERSON130	806
LOCATION100	plays from 	PERSON130	806
PERSON4164	plays for 	ORGANIZATION860	807
PERSON4173	plays 	ORGANIZATION263	808
PERSON3176	born 	LOCATION3821	809
PERSON3176	born in 	LOCATION120	809
LOCATION3821	in 	LOCATION120	809
PERSON3176	plays for 	ORGANIZATION1919	809
PERSON4178	known as 	PERSON4179	811
PERSON4178	known 	PERSON4179	811
PERSON4178	known 	LOCATION100	811
PERSON4179		LOCATION100	811
PERSON4179	plays for 	ORGANIZATION623	811
PERSON4179	plays from 	ORGANIZATION4180	811
LOCATION100	plays for 	ORGANIZATION623	811
LOCATION100	plays from 	ORGANIZATION4180	811
ORGANIZATION623	from 	ORGANIZATION4180	811
PERSON4184	plays 	ORGANIZATION159	812
ORGANIZATION4189	in 	LOCATION64	814
PERSON4194	plays for 	LOCATION68	815
PERSON4198	born 1990 	LOCATION3036	817
PERSON4198	plays for 	LOCATION675	817
PERSON4198	plays from 	LOCATION385	817
LOCATION675	plays from 	LOCATION385	817
PERSON4200	playing for 	LOCATION544	818
PERSON4201	born in 	LOCATION229	819
PERSON4201		PERSON1285	819
PERSON4201	PERSON1285 nicknamed 	PERSON4202	819
PERSON4201	PERSON1285 nicknamed 	LOCATION100	819
PERSON1285	nicknamed 	PERSON4202	819
PERSON1285	nicknamed 	LOCATION100	819
PERSON4202		LOCATION100	819
PERSON4202	plays for 	ORGANIZATION101	819
PERSON4202	plays from 	ORGANIZATION678	819
LOCATION100	plays for 	ORGANIZATION101	819
LOCATION100	plays from 	ORGANIZATION678	819
ORGANIZATION101	plays from 	ORGANIZATION678	819
LOCATION4215	plays for 	LOCATION3482	821
LOCATION4215	plays in 	ORGANIZATION735	821
LOCATION3482	in 	ORGANIZATION735	821
PERSON4221	plays for 	ORGANIZATION501	822
PERSON4221	plays from 	LOCATION113	822
ORGANIZATION501	plays from 	LOCATION113	822
LOCATION113	co-owned by 	PERSON2626	822
PERSON4222	plays for 	ORGANIZATION103	823
PERSON4222	plays from 	LOCATION392	823
ORGANIZATION103	plays from 	LOCATION392	823
PERSON4225	plays from 	ORGANIZATION716	824
PERSON4226	born in 	LOCATION4227	825
